crop_type,year,harvest_product,total_harvested,harvested_unit,planted_area,harvested_area,field_id,org_id
CROP.CORN.COMMERCIAL,2016,grain,53290.6288518159,bu,40.38,560.0,cb1e3bd821dd673a0c378b16ba97075919aa993a,0966e34316e39217e4f26fbe20fc14e24c26567b
CROP.CORN.COMMERCIAL,2014,grain,40073.82155425186,bu,,,58d04a7094c1b08e9856932a02104d2a36b7b8ce,726cce9d9800d792d1e0fbb83923ac4c6be4f668
CROP.CORN.COMMERCIAL,2015,grain,45528.03394124395,bu,148.61,,5e3babe7b318f4245ceb16718665af0b54335443,598d17ec200eeb9e27ae829746ccf47c57761bc1
CROP.SOYBEAN.COMMERCIAL,2015,grain,13927.33228047914,bu,25.0,,02dc3fe6f889f3ece8daf456d26464d381bc9e55,fe62dee029474d52346542845674529025594056
CROP.CORN.COMMERCIAL,2014,grain,59676.63487414576,bu,5.0269423,,109e500b323e0ef7baadd4409830c7619d8cfbfa,fe62dee029474d52346542845674529025594056
CROP.CORN.COMMERCIAL,2014,grain,67817.79234666718,bu,124.0504621,,a1b95c0d5d12da17a82e1af370743f9b174574e0,106e6791d0f181b391cde800e74fdc14d529dc0a
CROP.SOYBEAN.COMMERCIAL,2017,grain,16899.041091623385,bu,,,96086a4a633ca9059f8c0472c7e532c14606294a,fe62dee029474d52346542845674529025594056
CROP.CORN.COMMERCIAL,2017,grain,74801.7035911693,bu,32.78,,d1f129caa6ad88c0ca2b6b274dbb225c3aa3e5f8,fe62dee029474d52346542845674529025594056
CROP.SOYBEAN.COMMERCIAL,2015,grain,30341.901524173714,bu,80.21,,ed7e44f184a071a25c905e1ee9f73c6741e0bd01,598d17ec200eeb9e27ae829746ccf47c57761bc1
CROP.CORN.COMMERCIAL,2015,grain,50987.86154343677,bu,179.12,,fd72b33016dc565f97e287594573282d0ae29f08,598d17ec200eeb9e27ae829746ccf47c57761bc1
CROP.CORN.COMMERCIAL,2016,grain,4109.4184019277545,bu,249.85,65.0,ceacbff5f896d6b9f5e1c7d3a520f1e832806158,b3bd5efa1dbecf1a1a564b8bc6303c4a2c162fb1
CROP.SOYBEAN.COMMERCIAL,2015,grain,403.1859020810777,bu,57.82,57.82,0c090e104b85e5d305640f9d43f32d0a8c5faeb6,0966e34316e39217e4f26fbe20fc14e24c26567b
CROP.SOYBEAN.COMMERCIAL,2015,grain,26993.434943045624,bu,378.0,,d1fdb5f7aeeac1fe38e570b263b8a876f19ebdae,726cce9d9800d792d1e0fbb83923ac4c6be4f668
CROP.SOYBEAN.COMMERCIAL,2015,grain,27620.68760026656,bu,40.0,40.38,cb1e3bd821dd673a0c378b16ba97075919aa993a,0966e34316e39217e4f26fbe20fc14e24c26567b
CROP.CORN.COMMERCIAL,2015,grain,41322.024804847584,bu,62.31,62.11,82de9e36652993a37ce5fbc55fa9033f425fb120,0966e34316e39217e4f26fbe20fc14e24c26567b
CROP.SOYBEAN.COMMERCIAL,2015,grain,13685.647874052913,bu,133.62,,6682442ec01eee124d9a2b40f049d2036596b969,598d17ec200eeb9e27ae829746ccf47c57761bc1
CROP.CORN.COMMERCIAL,2015,grain,50852.12284373926,bu,118.86,,e56218f59c44684b1544101dcac07e620a50aa12,726cce9d9800d792d1e0fbb83923ac4c6be4f668
CROP.CORN.COMMERCIAL,2015,grain,89396.30956932144,bu,,25.0,17ba0791499db908433b80f37c5fbc89b870084b,fe62dee029474d52346542845674529025594056
CROP.CORN.COMMERCIAL,2017,grain,62973.71743702641,bu,,,17ba0791499db908433b80f37c5fbc89b870084b,fe62dee029474d52346542845674529025594056
CROP.CORN.COMMERCIAL,2015,grain,10585.859489241535,bu,,110.0,3ecb07dfe2886a452d827ba5be310bef04548353,2a7365d841e79f504f0c5c55267a87f501e4d1e4
CROP.SOYBEAN.COMMERCIAL,2017,grain,30074.126012332326,bu,52.47,56.0,daeab438051b9d0a654659b7f038f08b44c184af,598d17ec200eeb9e27ae829746ccf47c57761bc1
CROP.CORN.COMMERCIAL,2015,grain,74250.4249316624,bu,87.87,,58d04a7094c1b08e9856932a02104d2a36b7b8ce,726cce9d9800d792d1e0fbb83923ac4c6be4f668
CROP.SOYBEAN.COMMERCIAL,2015,grain,18769.437508935356,bu,38.32,,1a0092b5af6d86bcb51d99bec0cffdbc19824481,dcf70d3a931a836d948e93429eb7dd4a9c9c718e
CROP.SOYBEAN.COMMERCIAL,2015,grain,33725.17068295258,bu,41.7,,d0dd4d5942c57babf3fa32fefa8f36aaaff2628a,726cce9d9800d792d1e0fbb83923ac4c6be4f668
CROP.SOYBEAN.COMMERCIAL,2014,grain,9159.567351928346,bu,,378.0,8901f562983ecebf44e9443be506c9f6269582e5,726cce9d9800d792d1e0fbb83923ac4c6be4f668
CROP.CORN.COMMERCIAL,2017,grain,26585.28214316924,bu,130.9802279,130.0,075041a114b9768612d10b7ea78b3d8cba71521c,598d17ec200eeb9e27ae829746ccf47c57761bc1
CROP.SOYBEAN.COMMERCIAL,2015,grain,13638.816380393593,bu,100.0,99.0,3043cfa778d98f7970918f0f2958c4b6e9701c7d,0966e34316e39217e4f26fbe20fc14e24c26567b
CROP.CORN.COMMERCIAL,2017,grain,70470.84447237338,bu,,13.0,4bd573dff142df79a5d4304a2b4b57bf680d5679,513612757cd6094d98b6a82a01d6f115fe9ae88c
CROP.CORN.COMMERCIAL,2015,grain,73595.86328415458,bu,,53.7,cf3f6e86d543c52ee323a04feda488b347716f1e,fe62dee029474d52346542845674529025594056
CROP.CORN.COMMERCIAL,2017,grain,38042.55600552225,bu,,,aeea5833e9b4fe76ae2fa16f661171b82b95f2d5,106e6791d0f181b391cde800e74fdc14d529dc0a
CROP.CORN.COMMERCIAL,2016,grain,58553.442872924905,bu,180.8,179.4,fd72b33016dc565f97e287594573282d0ae29f08,598d17ec200eeb9e27ae829746ccf47c57761bc1
CROP.SOYBEAN.COMMERCIAL,2015,grain,26757.658411167326,bu,20.52,,b25ddb082807ff10842b24af3397decd61eb446b,598d17ec200eeb9e27ae829746ccf47c57761bc1
CROP.CORN.COMMERCIAL,2016,grain,94516.13239552586,bu,20.1,19.3,1be078f7acaac4af4e74389d0607a5ae4d35e741,598d17ec200eeb9e27ae829746ccf47c57761bc1
CROP.SOYBEAN.COMMERCIAL,2015,grain,7935.271949307314,bu,54.55,,e092fbdd0996a08f5a9dc28a0b1ed1f37b18224f,598d17ec200eeb9e27ae829746ccf47c57761bc1
CROP.CORN.COMMERCIAL,2017,grain,135090.66583783083,bu,43.57,42.05,5114f00a12710fde441de7d2e03bb2916cee21a1,598d17ec200eeb9e27ae829746ccf47c57761bc1
CROP.CORN.COMMERCIAL,2015,grain,48335.1684656727,bu,121.1,121.0,5ffe5f7993c967a9ec145605bb6bd6597f03b5e2,0966e34316e39217e4f26fbe20fc14e24c26567b
CROP.CORN.COMMERCIAL,2015,grain,102959.16241507392,bu,159.98,159.77,bed20ae41d9cc29734331ee52d0d94c884dc0caf,0966e34316e39217e4f26fbe20fc14e24c26567b
CROP.SOYBEAN.COMMERCIAL,2016,grain,2336.4433013841644,bu,197.0,198.0,ce8405c765887b5dfb9f167609ba8610c9a9cd2b,598d17ec200eeb9e27ae829746ccf47c57761bc1
CROP.CORN.COMMERCIAL,2016,grain,127701.07113024488,bu,78.12,245.0,66dec081f750e2d33394a88a4436242bfbdcf6da,0966e34316e39217e4f26fbe20fc14e24c26567b
CROP.SOYBEAN.COMMERCIAL,2015,grain,27136.01699100444,bu,150.3559062,,7ba3d660afdf1b3554dfe5d132d0ebca193ff44a,fe62dee029474d52346542845674529025594056
CROP.CORN.COMMERCIAL,2015,grain,39666.21662416459,bu,42.21,42.25,6444e5cd8df1b4a6d3eeb968a30822e3e486bfaa,0966e34316e39217e4f26fbe20fc14e24c26567b
CROP.CORN.COMMERCIAL,2017,grain,25773.199705735147,bu,,,218d3434d02d0bf126a34855b96d469927a702c5,fe62dee029474d52346542845674529025594056
CROP.CORN.COMMERCIAL,2017,grain,110064.74000223969,bu,148.81,10.0,69c89b5ddcff7650cd0f9d55843dc33a1dd9f613,598d17ec200eeb9e27ae829746ccf47c57761bc1
CROP.CORN.COMMERCIAL,2015,grain,48001.64444480338,bu,72.94,,3145985e8b8fee648934025a6d5d96bdf680a101,598d17ec200eeb9e27ae829746ccf47c57761bc1
CROP.CORN.COMMERCIAL,2016,grain,112879.19278796147,bu,,,479032f8ad3af44c0e5120cf27fc0dec97bf6e94,fe62dee029474d52346542845674529025594056
CROP.SOYBEAN.COMMERCIAL,2014,grain,13059.04784847645,bu,,,177980ee0fc6f8d942b7c218497a557ddeefeec7,726cce9d9800d792d1e0fbb83923ac4c6be4f668
CROP.CORN.COMMERCIAL,2016,grain,29448.475279150014,bu,29.75,,ed3d9c187d573c0f69e896db96430dcbb17721c6,598d17ec200eeb9e27ae829746ccf47c57761bc1
CROP.SOYBEAN.COMMERCIAL,2014,grain,28681.133294037434,bu,,,12e8e0ba6375b5cf8ab231802411666c0c55a150,726cce9d9800d792d1e0fbb83923ac4c6be4f668
CROP.SOYBEAN.COMMERCIAL,2017,grain,11872.25523152783,bu,10.0,243.85,12c6fc06c99a462375eeb3f43dfd832b08ca9e17,fe62dee029474d52346542845674529025594056
CROP.CORN.COMMERCIAL,2015,grain,65070.435113091684,bu,,,295f94fd307065b54d72fd025e8b476510592c9b,106e6791d0f181b391cde800e74fdc14d529dc0a
CROP.CORN.COMMERCIAL,2016,grain,56396.37365581396,bu,124.75,240.9367562,51131ad63306bbb3eeb0de920156180fd68be3c6,598d17ec200eeb9e27ae829746ccf47c57761bc1
CROP.CORN.COMMERCIAL,2017,grain,56080.57508424134,bu,201.14,198.0,ce8405c765887b5dfb9f167609ba8610c9a9cd2b,598d17ec200eeb9e27ae829746ccf47c57761bc1
CROP.SOYBEAN.COMMERCIAL,2015,grain,27107.456679771276,bu,68.0,68.34,5f826cc116841bfdbca273cebb21f470e602c75f,0966e34316e39217e4f26fbe20fc14e24c26567b
CROP.SOYBEAN.COMMERCIAL,2017,grain,13772.510179951756,bu,7.94,10.0,e5e9351797b81a62804e8797386dcb8b5f4be891,598d17ec200eeb9e27ae829746ccf47c57761bc1
CROP.SOYBEAN.COMMERCIAL,2017,grain,1786.815398574232,bu,235.99,232.8,b78223432b759dedd332a6662cc614ef3e15b896,598d17ec200eeb9e27ae829746ccf47c57761bc1
CROP.SOYBEAN.COMMERCIAL,2017,grain,12867.51778386741,bu,101.0,101.0,6a0a29666d8f8a14360dae95a0369dceb6561c6f,598d17ec200eeb9e27ae829746ccf47c57761bc1
CROP.CORN.COMMERCIAL,2016,grain,61513.357562988254,bu,157.85,154.2,2b67e4d4271e5e1f189443e9370144d1c5a238aa,598d17ec200eeb9e27ae829746ccf47c57761bc1
CROP.CORN.COMMERCIAL,2015,grain,23894.104851728018,bu,139.75,139.44,0dd926eb22935abce9d072635fa3301d11ca51ad,0966e34316e39217e4f26fbe20fc14e24c26567b
CROP.SOYBEAN.COMMERCIAL,2015,grain,7316.440374685728,bu,42.76,,a12eb00a8434d1f2f0f5819c2c644fa09793a333,726cce9d9800d792d1e0fbb83923ac4c6be4f668
CROP.SOYBEAN.COMMERCIAL,2016,grain,18644.918185474507,bu,53.45,51.8887965,daeab438051b9d0a654659b7f038f08b44c184af,598d17ec200eeb9e27ae829746ccf47c57761bc1
CROP.CORN.COMMERCIAL,2016,grain,99504.6629050236,bu,79.76,,643a0e8179a153aceafaff1307c9bc829ab398c6,fe62dee029474d52346542845674529025594056
CROP.SOYBEAN.COMMERCIAL,2017,grain,13688.922130458659,bu,,,05c019814ed3ff2c61eb97e267543564d23dd557,2498aa02bfe5084932147db868715faf88ffcb41
CROP.CORN.COMMERCIAL,2015,grain,22976.257177967876,bu,154.11,153.8,0ed36c4cebc9422c09599331d19995cf6410b513,0966e34316e39217e4f26fbe20fc14e24c26567b
CROP.CORN.COMMERCIAL,2015,grain,131033.93313386636,bu,155.56,156.2,3ecb07dfe2886a452d827ba5be310bef04548353,0966e34316e39217e4f26fbe20fc14e24c26567b
CROP.CORN.COMMERCIAL,2016,grain,57310.03859775103,bu,,60.0,3448ab07e88349c86cc5d8d0eb3a9538e63e647d,106e6791d0f181b391cde800e74fdc14d529dc0a
CROP.CORN.COMMERCIAL,2015,grain,31137.448981406924,bu,66.01,65.0,769f173c007cadfd961696f2c3cff175da480678,0966e34316e39217e4f26fbe20fc14e24c26567b
CROP.CORN.COMMERCIAL,2016,grain,34450.44088895352,bu,222.7564398,224.0,36ad9561acb97f30194e784a297f011542f59433,598d17ec200eeb9e27ae829746ccf47c57761bc1
CROP.SOYBEAN.COMMERCIAL,2017,grain,5437.648476967421,bu,198.12,194.7,acae71f7ed099a11cb511918d1be78df470139c5,598d17ec200eeb9e27ae829746ccf47c57761bc1
CROP.CORN.COMMERCIAL,2015,grain,170625.43294944044,bu,8.58,,42352eb4d6f767b18afdd56d13f9abe653514d7d,598d17ec200eeb9e27ae829746ccf47c57761bc1
CROP.CORN.COMMERCIAL,2015,grain,13651.31855447541,bu,,,17ba0791499db908433b80f37c5fbc89b870084b,fe62dee029474d52346542845674529025594056
CROP.CORN.COMMERCIAL,2015,grain,43573.95409759828,bu,131.04,132.5,315645c27aa18fb735ae335b0e42692ac62e0558,726cce9d9800d792d1e0fbb83923ac4c6be4f668
CROP.SOYBEAN.COMMERCIAL,2014,grain,23030.853544188725,bu,,,efefc9519f82ea868be1741749c399d235d34c2c,726cce9d9800d792d1e0fbb83923ac4c6be4f668
CROP.CORN.COMMERCIAL,2015,grain,36016.714612868986,bu,,,c81eabfac15c03c8867033b500b510272b22d621,726cce9d9800d792d1e0fbb83923ac4c6be4f668
CROP.CORN.COMMERCIAL,2015,grain,25254.76425936446,bu,,,479032f8ad3af44c0e5120cf27fc0dec97bf6e94,fe62dee029474d52346542845674529025594056
CROP.SOYBEAN.COMMERCIAL,2017,grain,23129.173301465755,bu,121.32,121.0,6a91478980fbdf4d9229ae3a1174e3f90c50c63e,598d17ec200eeb9e27ae829746ccf47c57761bc1
CROP.CORN.COMMERCIAL,2017,grain,58674.32621668618,bu,,,606ec6e9bd8a8ff2ad14e5fade3f264471e82251,106e6791d0f181b391cde800e74fdc14d529dc0a
CROP.SOYBEAN.COMMERCIAL,2016,grain,7258.481093588932,bu,99.0,98.52,fcd0248878ee8a137d57a8dc8f480436804e2189,598d17ec200eeb9e27ae829746ccf47c57761bc1
CROP.CORN.COMMERCIAL,2016,grain,36602.523656745,bu,87.1372897,72.94,3145985e8b8fee648934025a6d5d96bdf680a101,598d17ec200eeb9e27ae829746ccf47c57761bc1
CROP.CORN.COMMERCIAL,2015,grain,85902.56934879342,bu,,30.0,ad7fa9fbe97f824282ac4d3b417fe0c69c175e34,fe62dee029474d52346542845674529025594056
CROP.CORN.COMMERCIAL,2017,grain,70707.41452637923,bu,105.5321258,,88eed2e1356b84e6610ebfaeb70c8574a5715b92,106e6791d0f181b391cde800e74fdc14d529dc0a
CROP.CORN.COMMERCIAL,2016,grain,8554.555138600139,bu,43.8,43.0,a09813a9a38ac2b4fabba244175f9c685ab85a2a,462c9ed4acd1c1b5ec3b130f3101b54cd5a66bfb
CROP.CORN.COMMERCIAL,2017,grain,8785.625664952617,bu,99.09,99.0,fcd0248878ee8a137d57a8dc8f480436804e2189,598d17ec200eeb9e27ae829746ccf47c57761bc1
CROP.CORN.COMMERCIAL,2016,grain,44195.94807529901,bu,139.0,50.0,f00ee652e072f384295e0c613eae882e2b075768,462c9ed4acd1c1b5ec3b130f3101b54cd5a66bfb
CROP.CORN.COMMERCIAL,2017,grain,118480.56664320946,bu,,,80814cf4aeb6592ebaac8e8ee16fce0792544976,bb2187d34c27359e4e0c513ba47b0451c42907e9
CROP.CORN.COMMERCIAL,2015,grain,18842.933420225043,bu,,210.9,17ba0791499db908433b80f37c5fbc89b870084b,fe62dee029474d52346542845674529025594056
CROP.CORN.COMMERCIAL,2017,grain,85499.57343682814,bu,,,17ba0791499db908433b80f37c5fbc89b870084b,fe62dee029474d52346542845674529025594056
CROP.CORN.COMMERCIAL,2015,grain,10447.391173466473,bu,34.2,83.0,f3997889142dbd3aa390fb7d1ce33373eb768de5,106e6791d0f181b391cde800e74fdc14d529dc0a
CROP.CORN.COMMERCIAL,2014,grain,61716.61694350503,bu,12.0,,c0bc76afd8a68866cbacda59ff3ef73f06eaf480,ced5d63baaa0323be6503a0fa952c684ddce8745
CROP.CORN.COMMERCIAL,2015,grain,36115.49526130872,bu,,,17ba0791499db908433b80f37c5fbc89b870084b,fe62dee029474d52346542845674529025594056
CROP.SOYBEAN.COMMERCIAL,2017,grain,4341.205050976302,bu,41.39,39.254,55de88709232ec03a7618ceae9b2248419fdc862,598d17ec200eeb9e27ae829746ccf47c57761bc1
CROP.CORN.COMMERCIAL,2017,grain,41154.985917802456,bu,,,c612cc37cbe0bce705c851c59193bfc0b188a959,fe62dee029474d52346542845674529025594056
CROP.CORN.COMMERCIAL,2017,grain,43974.56481317916,bu,110.9841752,111.72,6735286b4dcaf5d2384816f5eb6d7b817a08087b,1d427ae4148dfebbd56f904a0de246fd89712cf0
CROP.SOYBEAN.COMMERCIAL,2016,grain,4641.040163500294,bu,31.0,32.1,4acf2d77af0d2a23020b0e33416f0f911435b6fb,598d17ec200eeb9e27ae829746ccf47c57761bc1
CROP.CORN.COMMERCIAL,2015,grain,42252.99902260085,bu,15.62,,fdfe8207d8854099e09c1d58ddf7014b67f84351,598d17ec200eeb9e27ae829746ccf47c57761bc1
CROP.CORN.COMMERCIAL,2017,grain,15515.127668625351,bu,,,17ba0791499db908433b80f37c5fbc89b870084b,fe62dee029474d52346542845674529025594056
CROP.CORN.COMMERCIAL,2016,grain,1728.620433778517,bu,101.0,101.0,6a0a29666d8f8a14360dae95a0369dceb6561c6f,598d17ec200eeb9e27ae829746ccf47c57761bc1
CROP.SOYBEAN.COMMERCIAL,2017,grain,10959.960386354456,bu,152.09,,427a6b025ef66fc4836d29b98b95c960fe08e378,598d17ec200eeb9e27ae829746ccf47c57761bc1
CROP.CORN.COMMERCIAL,2016,grain,62898.467051569314,bu,,,b79c64434ae3f15a570da278b79f688253c6d9a8,462c9ed4acd1c1b5ec3b130f3101b54cd5a66bfb
CROP.CORN.COMMERCIAL,2015,grain,10355.827249176038,bu,,,4d5b90ee18d570ec6b0dc27f64e44ee714b71d72,fe62dee029474d52346542845674529025594056
CROP.CORN.COMMERCIAL,2017,grain,108968.60687178884,bu,,,2ddd1b7314344df9dfe64a2df07c15848174cd24,fe62dee029474d52346542845674529025594056
CROP.CORN.COMMERCIAL,2016,grain,29460.455532281263,bu,83.04,82.03,396eaf77e4048a0c54a12f5ccb988b0702d0e10c,598d17ec200eeb9e27ae829746ccf47c57761bc1
CROP.CORN.COMMERCIAL,2017,grain,104642.73135373791,bu,10.0,,1c1caf82f398c9e5dbfeaf116413b27070d49268,ced5d63baaa0323be6503a0fa952c684ddce8745
CROP.SOYBEAN.COMMERCIAL,2014,grain,9155.537096689624,bu,87.1558244,88.3,7918c722bf8c5bf47d3f06ab61ee7f16c90a2887,106e6791d0f181b391cde800e74fdc14d529dc0a
CROP.CORN.COMMERCIAL,2015,grain,6326.222728243918,bu,29.24,,178feffbc01dd61b3c4afed7dbe93da9d5be38d9,726cce9d9800d792d1e0fbb83923ac4c6be4f668
CROP.CORN.COMMERCIAL,2015,grain,60174.46300040704,bu,5.75,5.54,a45572f89b287b6bb219ddfc3320f0d842c0668e,0966e34316e39217e4f26fbe20fc14e24c26567b
CROP.CORN.COMMERCIAL,2017,grain,105821.22839135518,bu,72.92,,17ba0791499db908433b80f37c5fbc89b870084b,fe62dee029474d52346542845674529025594056
CROP.SOYBEAN.COMMERCIAL,2015,grain,22322.903001215414,bu,62.31,,0d6715908b7df72d546bcc6ebf5fd54fe8a9b958,dcf70d3a931a836d948e93429eb7dd4a9c9c718e
CROP.CORN.COMMERCIAL,2015,grain,104495.96619323979,bu,,,17ba0791499db908433b80f37c5fbc89b870084b,fe62dee029474d52346542845674529025594056
CROP.SOYBEAN.COMMERCIAL,2014,grain,29828.503864238344,bu,,,790456c61a24b82fdf2acd866fe9722919cb6358,726cce9d9800d792d1e0fbb83923ac4c6be4f668
CROP.CORN.COMMERCIAL,2015,grain,56977.71182936779,bu,74.3,,8ba906706d40e0a9388e9300c896213b17c07fe1,726cce9d9800d792d1e0fbb83923ac4c6be4f668
CROP.CORN.COMMERCIAL,2015,grain,29407.24220669093,bu,39.08,,9713fdcb2ec5f9923f9aa99557a4deb89a994cde,598d17ec200eeb9e27ae829746ccf47c57761bc1
CROP.SOYBEAN.COMMERCIAL,2015,grain,4818.718270182665,bu,40.0,40.8,fce9edd1be59a3ea7de72a19545c3c98f83a8e13,0966e34316e39217e4f26fbe20fc14e24c26567b
CROP.SOYBEAN.COMMERCIAL,2015,grain,9128.39691023222,bu,121.54,,67d09b0030068eca4ae858121d513c7a9bd5970c,726cce9d9800d792d1e0fbb83923ac4c6be4f668
CROP.CORN.COMMERCIAL,2017,grain,41530.57032681917,bu,44.6500001828,44.85,9dbaffe968f8b893078eefd7751f53bb2f71d6be,598d17ec200eeb9e27ae829746ccf47c57761bc1
CROP.SOYBEAN.COMMERCIAL,2017,grain,34211.430311291544,bu,253.81,249.85,5d46bf793f8b21b368a8a2b78862bb9c4a8310da,598d17ec200eeb9e27ae829746ccf47c57761bc1
CROP.CORN.COMMERCIAL,2015,grain,83996.25172591186,bu,141.44,,69c89b5ddcff7650cd0f9d55843dc33a1dd9f613,598d17ec200eeb9e27ae829746ccf47c57761bc1
CROP.SOYBEAN.COMMERCIAL,2015,grain,12737.028012152248,bu,80.43,,9e9c8e4268a5c8a1e7b33c2c768def1eed7d112a,598d17ec200eeb9e27ae829746ccf47c57761bc1
CROP.CORN.COMMERCIAL,2015,grain,120516.61219923374,bu,126.61,,51131ad63306bbb3eeb0de920156180fd68be3c6,598d17ec200eeb9e27ae829746ccf47c57761bc1
CROP.SOYBEAN.COMMERCIAL,2017,grain,4850.105185357795,bu,41.08,40.0,9713fdcb2ec5f9923f9aa99557a4deb89a994cde,598d17ec200eeb9e27ae829746ccf47c57761bc1
CROP.SOYBEAN.COMMERCIAL,2015,grain,7575.507211847393,bu,4.0,3.9699999999999998,bb3288e0ae109cf2ff0680d3eb4320744da0a3b5,0966e34316e39217e4f26fbe20fc14e24c26567b
CROP.CORN.COMMERCIAL,2015,grain,32925.75777006273,bu,144.01,144.0,a7a594dba3e25f7f4777042254dfd966214ca5cb,0966e34316e39217e4f26fbe20fc14e24c26567b
CROP.CORN.COMMERCIAL,2016,grain,27083.367109449377,bu,16.0,16.8,0cc1b0a8c09d8bb4ba14b926e63e5ad590c159b4,598d17ec200eeb9e27ae829746ccf47c57761bc1
CROP.CORN.COMMERCIAL,2016,grain,55370.745797171934,bu,20.0,20.52,b25ddb082807ff10842b24af3397decd61eb446b,598d17ec200eeb9e27ae829746ccf47c57761bc1
CROP.CORN.COMMERCIAL,2014,grain,66172.08790292553,bu,8.2,17.7,fb61c1795ca1134a7e2e5a365928075153bc39f7,fe62dee029474d52346542845674529025594056
CROP.SOYBEAN.COMMERCIAL,2015,grain,7387.1698669335865,bu,10.5,10.48,c8bbed71d087906e4220f80842423ddd0c3a24eb,0966e34316e39217e4f26fbe20fc14e24c26567b
CROP.CORN.COMMERCIAL,2017,grain,78558.63097161865,bu,85.89,158.0,b578e6be1ede28c8999d8d0da70ab8a80bdbcd53,598d17ec200eeb9e27ae829746ccf47c57761bc1
CROP.CORN.COMMERCIAL,2016,grain,4615.742242777228,bu,192.75,194.6,acae71f7ed099a11cb511918d1be78df470139c5,598d17ec200eeb9e27ae829746ccf47c57761bc1
CROP.CORN.COMMERCIAL,2015,grain,79421.07390747759,bu,,,1c76c34b420a86f361f5e307f03f7357197681c7,fe62dee029474d52346542845674529025594056
CROP.SOYBEAN.COMMERCIAL,2014,grain,34894.252413413684,bu,15.4498764,9.8,6c72c2cb8ac35f84e4cab5d22a9eb3c2e5783e69,106e6791d0f181b391cde800e74fdc14d529dc0a
CROP.CORN.COMMERCIAL,2015,grain,128109.8751259503,bu,,116.5,dd0bde9a97b5e53d8987732d67c927bd8ddbae35,2a7365d841e79f504f0c5c55267a87f501e4d1e4
CROP.CORN.COMMERCIAL,2014,grain,92150.03841033975,bu,41.21,42.5,8e17580ff2a3fba21f19d533a34aa4b1ae628ee3,106e6791d0f181b391cde800e74fdc14d529dc0a
CROP.CORN.COMMERCIAL,2016,grain,38039.04253762579,bu,30.77,32.5,f78ee42b959d70983003027b2155344ae96c3fdb,462c9ed4acd1c1b5ec3b130f3101b54cd5a66bfb
CROP.CORN.COMMERCIAL,2015,grain,13069.354604395017,bu,152.08,152.7,82fe9486ee2491f15a25da2f13ee42b54b5660f7,0966e34316e39217e4f26fbe20fc14e24c26567b
CROP.CORN.COMMERCIAL,2015,grain,102132.9919193861,bu,82.0,81.22,ed892798892fbc43f7241677dfd67bd1d1441ad8,0966e34316e39217e4f26fbe20fc14e24c26567b
CROP.SOYBEAN.COMMERCIAL,2015,grain,13903.151870941847,bu,249.85,,5d46bf793f8b21b368a8a2b78862bb9c4a8310da,598d17ec200eeb9e27ae829746ccf47c57761bc1
CROP.SOYBEAN.COMMERCIAL,2015,grain,22637.370611280516,bu,232.81,,b78223432b759dedd332a6662cc614ef3e15b896,598d17ec200eeb9e27ae829746ccf47c57761bc1
CROP.CORN.COMMERCIAL,2014,grain,44175.84331246,bu,,119.0,0fb5444d94284696e133f8da830f054d6e9c7ea2,ced5d63baaa0323be6503a0fa952c684ddce8745
CROP.CORN.COMMERCIAL,2017,grain,101972.68547113193,bu,134.28,134.0,00ed44d041d6b0f8a538b2815fdb34b2dcee329c,598d17ec200eeb9e27ae829746ccf47c57761bc1
CROP.CORN.COMMERCIAL,2015,grain,25081.559142027905,bu,120.0,,b1317c265f61658811844dd8afa6a782677ff0b5,106e6791d0f181b391cde800e74fdc14d529dc0a
CROP.CORN.COMMERCIAL,2015,grain,73386.12594899237,bu,61.56,61.03,aa4f77f51877dcb2894b5c34f62dd65c43edfa02,0966e34316e39217e4f26fbe20fc14e24c26567b
CROP.CORN.COMMERCIAL,2016,grain,78394.53671678998,bu,,,17ba0791499db908433b80f37c5fbc89b870084b,fe62dee029474d52346542845674529025594056
CROP.CORN.COMMERCIAL,2015,grain,94969.54602552365,bu,301.22,303.8,1a49329d95f4212cad1465abd97fe2b02b2d4e59,0966e34316e39217e4f26fbe20fc14e24c26567b
CROP.CORN.COMMERCIAL,2016,grain,24897.490062974553,bu,61.9,,33471815b9e19098d4ce3b6758b8f277ae7a4be9,fe62dee029474d52346542845674529025594056
CROP.CORN.COMMERCIAL,2015,grain,27527.94077517332,bu,137.62,,11ae1790351279c8c04f3d2d7f0331872814a0a3,726cce9d9800d792d1e0fbb83923ac4c6be4f668
CROP.CORN.COMMERCIAL,2017,grain,32062.58507831794,bu,0.47000000000000003,,b712ac1d4550a50dba54876abbfa22112c7e67fa,2ec53b20e3a9f6ff73d290ef3e8e8f30a2a30235
CROP.CORN.COMMERCIAL,2015,grain,80323.29911766888,bu,,,26721831498d576e84113c08f678a02921c5a63e,fe62dee029474d52346542845674529025594056
CROP.SOYBEAN.COMMERCIAL,2017,grain,7323.474089898905,bu,98.0,347.99,03074faf1987f5325db3e511880d28a582293c64,fe62dee029474d52346542845674529025594056
CROP.CORN.COMMERCIAL,2016,grain,13354.207568547097,bu,99.0,,17ba0791499db908433b80f37c5fbc89b870084b,fe62dee029474d52346542845674529025594056
CROP.CORN.COMMERCIAL,2016,grain,55495.12153463757,bu,133.6165575483,133.26,6682442ec01eee124d9a2b40f049d2036596b969,598d17ec200eeb9e27ae829746ccf47c57761bc1
CROP.CORN.COMMERCIAL,2016,grain,29675.979805141025,bu,,,fa2e631ada6896a07feec8520cdee0e2c40b8f9c,fe62dee029474d52346542845674529025594056
CROP.SOYBEAN.COMMERCIAL,2017,grain,13813.30278560255,bu,18.23,17.26,ead54fc4085fba5da57ad64a34e8456d84ce1020,1d427ae4148dfebbd56f904a0de246fd89712cf0
CROP.SOYBEAN.COMMERCIAL,2017,grain,71285.65541417776,bu,,,ad7fa9fbe97f824282ac4d3b417fe0c69c175e34,fe62dee029474d52346542845674529025594056
CROP.CORN.COMMERCIAL,2016,grain,12572.33297497925,bu,60.25,61.3,c064f9a97c867c8596c916ad718d96c5ffa9e44c,598d17ec200eeb9e27ae829746ccf47c57761bc1
CROP.CORN.COMMERCIAL,2015,grain,42103.977066916355,bu,151.0,151.06,a620ca92bb4f0a8daaabfa8f198008da3313f9b7,0966e34316e39217e4f26fbe20fc14e24c26567b
CROP.CORN.COMMERCIAL,2015,grain,60454.796893758205,bu,,83.0,8ae02a0435770133ab5db0512da97432f08e2040,2a7365d841e79f504f0c5c55267a87f501e4d1e4
CROP.SOYBEAN.COMMERCIAL,2015,grain,25239.635245352292,bu,60.0,,b5ec6e3f6b7c589fb346987575673e2ed978c909,726cce9d9800d792d1e0fbb83923ac4c6be4f668
CROP.CORN.COMMERCIAL,2015,grain,74601.54274227364,bu,135.55,136.6,e06184ca39096dc276df72191cb5fb05b83ba1e6,0966e34316e39217e4f26fbe20fc14e24c26567b
CROP.SOYBEAN.COMMERCIAL,2015,grain,22981.272308295487,bu,23.0,,1be078f7acaac4af4e74389d0607a5ae4d35e741,598d17ec200eeb9e27ae829746ccf47c57761bc1
CROP.CORN.COMMERCIAL,2015,grain,64644.18053189044,bu,,110.0,98e85d8a9a8654d60c0052b0726fbd8948f646b5,fe62dee029474d52346542845674529025594056
CROP.CORN.COMMERCIAL,2015,grain,29582.644439857777,bu,,72.0,17ba0791499db908433b80f37c5fbc89b870084b,fe62dee029474d52346542845674529025594056
CROP.SOYBEAN.COMMERCIAL,2015,grain,47402.866586146694,bu,56.63,,12e8e0ba6375b5cf8ab231802411666c0c55a150,726cce9d9800d792d1e0fbb83923ac4c6be4f668
CROP.SOYBEAN.COMMERCIAL,2014,grain,6913.706198296599,bu,,,a75d5706275a773d0c4a4697783e9a8421a06844,726cce9d9800d792d1e0fbb83923ac4c6be4f668
CROP.CORN.COMMERCIAL,2015,grain,52615.153269296774,bu,,,295f94fd307065b54d72fd025e8b476510592c9b,106e6791d0f181b391cde800e74fdc14d529dc0a
CROP.CORN.COMMERCIAL,2016,grain,43191.06409962279,bu,15.0,15.2,fdfe8207d8854099e09c1d58ddf7014b67f84351,598d17ec200eeb9e27ae829746ccf47c57761bc1
CROP.CORN.COMMERCIAL,2016,grain,32640.385560941362,bu,,79.0,8378fea88475b5a0e1d1de770fb2757613309c33,b3bd5efa1dbecf1a1a564b8bc6303c4a2c162fb1
CROP.CORN.COMMERCIAL,2015,grain,43705.17823803392,bu,99.88,,d86416f15046fe3e24bc4efecc70abfdee760f57,598d17ec200eeb9e27ae829746ccf47c57761bc1
CROP.CORN.COMMERCIAL,2016,grain,34851.52254812614,bu,,,a52982ad52873e6bea457b1c42d9c9b07b70fbfa,fe62dee029474d52346542845674529025594056
CROP.SOYBEAN.COMMERCIAL,2015,grain,3717.4741665403376,bu,72.0,72.11,76b37aed09ffb990d57ab0386dda883110fcd00a,0966e34316e39217e4f26fbe20fc14e24c26567b
CROP.SOYBEAN.COMMERCIAL,2015,grain,1431.279888172068,bu,56.0,56.74,c01c35b6bc4083b83ab33ef7c57d22fbff654ed2,0966e34316e39217e4f26fbe20fc14e24c26567b
CROP.CORN.COMMERCIAL,2015,grain,65499.28266343494,bu,,,00ed44d041d6b0f8a538b2815fdb34b2dcee329c,598d17ec200eeb9e27ae829746ccf47c57761bc1
CROP.SOYBEAN.COMMERCIAL,2015,grain,7783.826215203921,bu,31.32,31.32,baea4c608ac69f74b3b11c16d3cd43938eba933a,0966e34316e39217e4f26fbe20fc14e24c26567b
CROP.SOYBEAN.COMMERCIAL,2015,grain,10635.595453328764,bu,29.36,29.3,ed3d9c187d573c0f69e896db96430dcbb17721c6,598d17ec200eeb9e27ae829746ccf47c57761bc1
CROP.CORN.COMMERCIAL,2017,grain,17157.93950854825,bu,20.0,,7e48ef5533a7cb151a12d088c615d3d13e0dfa7d,bb2187d34c27359e4e0c513ba47b0451c42907e9
CROP.CORN.COMMERCIAL,2015,grain,137504.93376176126,bu,7.89,7.68,641aa6a8dbbd287d0217dcfba9face3f122c4c5b,0966e34316e39217e4f26fbe20fc14e24c26567b
CROP.CORN.COMMERCIAL,2015,grain,142498.16557434952,bu,120.19,,0dcbc52dfc51b62c4794c9c53d65a3f751bb9081,726cce9d9800d792d1e0fbb83923ac4c6be4f668
CROP.CORN.COMMERCIAL,2015,grain,95587.72922123177,bu,101.1,,99236016a1c4b53b1e32fc6182fbf3e0fdf84f4b,598d17ec200eeb9e27ae829746ccf47c57761bc1
CROP.CORN.COMMERCIAL,2014,grain,94898.36932810662,bu,,,62028aeefb81fdd399103823356c3f90fd3912ba,726cce9d9800d792d1e0fbb83923ac4c6be4f668
CROP.SOYBEAN.COMMERCIAL,2017,grain,45375.29862179203,bu,229.21,,1803ba0ed01199014be611b89db142bf988b78c3,598d17ec200eeb9e27ae829746ccf47c57761bc1
CROP.CORN.COMMERCIAL,2016,grain,35257.246730064355,bu,,,04aa2c573e5e029dc25c2a5ed84df869f5ef7ec6,106e6791d0f181b391cde800e74fdc14d529dc0a
CROP.CORN.COMMERCIAL,2017,grain,100688.1516219763,bu,,,fb5482a525e4f32fdaac450e1f538d103cdbe8be,fe62dee029474d52346542845674529025594056
CROP.SOYBEAN.COMMERCIAL,2014,grain,43997.177677860505,bu,,,d1fdb5f7aeeac1fe38e570b263b8a876f19ebdae,726cce9d9800d792d1e0fbb83923ac4c6be4f668
CROP.CORN.COMMERCIAL,2015,grain,123792.07534801937,bu,16.79,,0cc1b0a8c09d8bb4ba14b926e63e5ad590c159b4,598d17ec200eeb9e27ae829746ccf47c57761bc1
CROP.SOYBEAN.COMMERCIAL,2017,grain,55875.180869249656,bu,183.74,179.1,fd72b33016dc565f97e287594573282d0ae29f08,598d17ec200eeb9e27ae829746ccf47c57761bc1
CROP.CORN.COMMERCIAL,2015,grain,24960.581551460058,bu,7.0,,790456c61a24b82fdf2acd866fe9722919cb6358,726cce9d9800d792d1e0fbb83923ac4c6be4f668
CROP.CORN.COMMERCIAL,2016,grain,41184.10311235203,bu,85.8897323546,85.56,b578e6be1ede28c8999d8d0da70ab8a80bdbcd53,598d17ec200eeb9e27ae829746ccf47c57761bc1
CROP.CORN.COMMERCIAL,2014,grain,58382.72745495759,bu,39.7815077,869.0,42045c558e5ea60a894fd5fbf53479add8bca18d,106e6791d0f181b391cde800e74fdc14d529dc0a
CROP.CORN.COMMERCIAL,2016,grain,28912.782046704768,bu,115.0,115.6,478c6e58b93552db51e3f44f6727e5ca5d337b76,598d17ec200eeb9e27ae829746ccf47c57761bc1
CROP.SOYBEAN.COMMERCIAL,2015,grain,8648.61823431344,bu,,,918ad95bfe112ff0d55a7b1ca647e90f0fbb3791,fe62dee029474d52346542845674529025594056
CROP.SOYBEAN.COMMERCIAL,2017,grain,6213.26253559681,bu,5.0,13.0,dcec1bd06b5b508097ef51bf4e9884f7a3e3fe8f,fe62dee029474d52346542845674529025594056
CROP.CORN.COMMERCIAL,2016,grain,24722.40606404577,bu,64.0,90.74,ad937d6d72b7b6737de4e4c8e55fa1212572149b,462c9ed4acd1c1b5ec3b130f3101b54cd5a66bfb
CROP.CORN.COMMERCIAL,2014,grain,57147.52891703691,bu,,,8ba906706d40e0a9388e9300c896213b17c07fe1,726cce9d9800d792d1e0fbb83923ac4c6be4f668
CROP.CORN.COMMERCIAL,2015,grain,48129.74914906987,bu,97.27,99.86,d1b14c4d69b3e774e1305089e40d0c74873b74b1,0966e34316e39217e4f26fbe20fc14e24c26567b
CROP.CORN.COMMERCIAL,2017,grain,51050.56965051929,bu,,,adc04fb840cc319c0a70f4b1e0e5363f2e50d63c,106e6791d0f181b391cde800e74fdc14d529dc0a
CROP.SOYBEAN.COMMERCIAL,2015,grain,22190.668289733818,bu,,186.61,17ba0791499db908433b80f37c5fbc89b870084b,fe62dee029474d52346542845674529025594056
CROP.SOYBEAN.COMMERCIAL,2017,grain,8897.3141721479,bu,,10.0,d4570d50d512deca12db0b1369a236a4b9a49bb4,2498aa02bfe5084932147db868715faf88ffcb41
CROP.CORN.COMMERCIAL,2016,grain,121133.62927131196,bu,101.4,101.1,99236016a1c4b53b1e32fc6182fbf3e0fdf84f4b,598d17ec200eeb9e27ae829746ccf47c57761bc1
CROP.SOYBEAN.COMMERCIAL,2016,grain,15105.685746427722,bu,10.2,19.9665888,e5e9351797b81a62804e8797386dcb8b5f4be891,598d17ec200eeb9e27ae829746ccf47c57761bc1
CROP.CORN.COMMERCIAL,2015,grain,88584.26764757375,bu,150.11,149.5,da0d25ff2ac9ee5083562b34bf9f51a06158ce7a,0966e34316e39217e4f26fbe20fc14e24c26567b
CROP.CORN.COMMERCIAL,2017,grain,20696.95369799457,bu,,,8ae02a0435770133ab5db0512da97432f08e2040,2a7365d841e79f504f0c5c55267a87f501e4d1e4
CROP.CORN.COMMERCIAL,2016,grain,50857.54443402331,bu,,327.8,6c72c2cb8ac35f84e4cab5d22a9eb3c2e5783e69,106e6791d0f181b391cde800e74fdc14d529dc0a
CROP.CORN.COMMERCIAL,2015,grain,42828.03107415155,bu,155.6,155.63,3a7239737a3e4fd938314ee0546579a2071e0283,0966e34316e39217e4f26fbe20fc14e24c26567b
CROP.CORN.COMMERCIAL,2017,grain,41065.90850053042,bu,,220.0,a11ab706c2f1348764a6a67fd9928c5875c6e543,598d17ec200eeb9e27ae829746ccf47c57761bc1
CROP.CORN.COMMERCIAL,2017,grain,38927.93141259976,bu,82.0,,3c7d70dab021c3c7c3c2a4d183abe514e8e32d77,598d17ec200eeb9e27ae829746ccf47c57761bc1
CROP.CORN.COMMERCIAL,2015,grain,149051.80068106076,bu,76.01,75.61,933595d2cbf1d9582cabbae117decc207f5e48b8,0966e34316e39217e4f26fbe20fc14e24c26567b
CROP.CORN.COMMERCIAL,2014,grain,50175.07187985019,bu,58.0,400.0,09851853e7cd4d6ae686cd549847e9a039d2c91b,fe62dee029474d52346542845674529025594056
CROP.CORN.COMMERCIAL,2017,grain,73178.62849729507,bu,,10.0,bce8c62d34da20484c8fdb1f62b9fc7afb3163fa,2498aa02bfe5084932147db868715faf88ffcb41
CROP.CORN.COMMERCIAL,2015,grain,70240.10206564375,bu,154.25,,229c3a226370c54b75d706d6f6495d9bd26bc991,726cce9d9800d792d1e0fbb83923ac4c6be4f668
CROP.SOYBEAN.COMMERCIAL,2015,grain,10913.89978432554,bu,56.0,56.54,8829979bca163c948d407fe1b11d91c89a2c77bd,0966e34316e39217e4f26fbe20fc14e24c26567b
CROP.CORN.COMMERCIAL,2015,grain,76030.67970426663,bu,,28.2,381800586f35c958f5d10fcd1073613005896a50,fe62dee029474d52346542845674529025594056
CROP.CORN.COMMERCIAL,2015,grain,70695.19337194043,bu,44.34,,84dfbd904feb88f18464430b17dafe47fe86ff36,598d17ec200eeb9e27ae829746ccf47c57761bc1
CROP.CORN.COMMERCIAL,2015,grain,60927.04784486046,bu,143.4599994,,19d1704d0f250982cfb4ca34456ba5e9b3030793,106e6791d0f181b391cde800e74fdc14d529dc0a
CROP.CORN.COMMERCIAL,2017,grain,74091.61349987044,bu,144.75,100.0,16a2f8c764357b350bf23545abf0aac2c5be2c97,fe62dee029474d52346542845674529025594056
CROP.SOYBEAN.COMMERCIAL,2017,grain,37822.76251791418,bu,136.9,137.32,cb0575a03b83d7234b74a8dbb1022b42ff17dcc6,598d17ec200eeb9e27ae829746ccf47c57761bc1
CROP.CORN.COMMERCIAL,2016,grain,40381.64924322959,bu,117.0,150.7488308,6a91478980fbdf4d9229ae3a1174e3f90c50c63e,598d17ec200eeb9e27ae829746ccf47c57761bc1
CROP.CORN.COMMERCIAL,2015,grain,34321.30613282618,bu,75.01,,0f6fc21fe4ea2504732646df3412362a0c3440e1,726cce9d9800d792d1e0fbb83923ac4c6be4f668
CROP.SOYBEAN.COMMERCIAL,2015,grain,43110.90430229163,bu,99.21,,66c8219e261db0725119e063856df55a1f0f14b3,598d17ec200eeb9e27ae829746ccf47c57761bc1
CROP.CORN.COMMERCIAL,2014,grain,28576.46098336403,bu,,,c81eabfac15c03c8867033b500b510272b22d621,726cce9d9800d792d1e0fbb83923ac4c6be4f668
CROP.SOYBEAN.COMMERCIAL,2015,grain,8792.377988497925,bu,85.39,,82b82a533543b08859a0a428b7425feb32757d29,598d17ec200eeb9e27ae829746ccf47c57761bc1
CROP.CORN.COMMERCIAL,2015,grain,11316.289795769915,bu,72.94,,c81eabfac15c03c8867033b500b510272b22d621,726cce9d9800d792d1e0fbb83923ac4c6be4f668
CROP.CORN.COMMERCIAL,2015,grain,46866.25581609527,bu,22.5,,60677ec3b1c3e5f45e6780e633d88a640d486101,106e6791d0f181b391cde800e74fdc14d529dc0a
CROP.CORN.COMMERCIAL,2016,grain,14472.894432198784,bu,84.3383293468,84.34,b1e493ac8a1760597dd7bd7c1e12541b43e7e51a,598d17ec200eeb9e27ae829746ccf47c57761bc1
CROP.CORN.COMMERCIAL,2015,grain,24491.43190166105,bu,84.25,,3c7d70dab021c3c7c3c2a4d183abe514e8e32d77,598d17ec200eeb9e27ae829746ccf47c57761bc1
CROP.CORN.COMMERCIAL,2016,grain,78405.89870055662,bu,248.8,251.0,5d46bf793f8b21b368a8a2b78862bb9c4a8310da,598d17ec200eeb9e27ae829746ccf47c57761bc1
CROP.SOYBEAN.COMMERCIAL,2015,grain,4313.428980168283,bu,130.98,,075041a114b9768612d10b7ea78b3d8cba71521c,598d17ec200eeb9e27ae829746ccf47c57761bc1
CROP.CORN.COMMERCIAL,2015,grain,16181.33048106305,bu,,,17ba0791499db908433b80f37c5fbc89b870084b,fe62dee029474d52346542845674529025594056
CROP.CORN.COMMERCIAL,2014,grain,67743.99158645653,bu,620.0,51.47,7918c722bf8c5bf47d3f06ab61ee7f16c90a2887,106e6791d0f181b391cde800e74fdc14d529dc0a
CROP.SOYBEAN.COMMERCIAL,2017,grain,12857.538924746792,bu,36.87,38.68,a2dcde23ea04f59059d34bd0ce99de6d03e5028a,1d427ae4148dfebbd56f904a0de246fd89712cf0
CROP.CORN.COMMERCIAL,2016,grain,80421.42103395806,bu,85.34,84.25,3c7d70dab021c3c7c3c2a4d183abe514e8e32d77,598d17ec200eeb9e27ae829746ccf47c57761bc1
CROP.CORN.COMMERCIAL,2016,grain,70497.70882094314,bu,80.0,80.0,ed7e44f184a071a25c905e1ee9f73c6741e0bd01,598d17ec200eeb9e27ae829746ccf47c57761bc1
CROP.CORN.COMMERCIAL,2015,grain,52085.596636261515,bu,,,c81eabfac15c03c8867033b500b510272b22d621,726cce9d9800d792d1e0fbb83923ac4c6be4f668
CROP.CORN.COMMERCIAL,2015,grain,80549.4495246252,bu,34.01,,62028aeefb81fdd399103823356c3f90fd3912ba,726cce9d9800d792d1e0fbb83923ac4c6be4f668
CROP.SOYBEAN.COMMERCIAL,2015,grain,22472.443972340432,bu,137.32,,cb0575a03b83d7234b74a8dbb1022b42ff17dcc6,598d17ec200eeb9e27ae829746ccf47c57761bc1
CROP.CORN.COMMERCIAL,2016,grain,57373.677817608506,bu,79.6,80.43,9e9c8e4268a5c8a1e7b33c2c768def1eed7d112a,598d17ec200eeb9e27ae829746ccf47c57761bc1
CROP.CORN.COMMERCIAL,2016,grain,91940.04811000031,bu,54.0,54.0,52188e8908e39d965925b640a8995538de30de0a,598d17ec200eeb9e27ae829746ccf47c57761bc1
CROP.CORN.COMMERCIAL,2015,grain,74373.44019381503,bu,158.08,158.1,62ea71539dad5f47c46ab72672bcddecbe47b4e6,0966e34316e39217e4f26fbe20fc14e24c26567b
CROP.CORN.COMMERCIAL,2017,grain,1937.3617979375726,bu,,,cda306e104b49f08dafdcc3f0ae8f34a2a265ba0,fe62dee029474d52346542845674529025594056
CROP.CORN.COMMERCIAL,2017,grain,75136.80094992773,bu,144.75,,16a2f8c764357b350bf23545abf0aac2c5be2c97,fe62dee029474d52346542845674529025594056
CROP.CORN.COMMERCIAL,2017,grain,50083.54170545585,bu,40.0,,dffb82020c578d8df64400c5840b05da71dc2166,fe62dee029474d52346542845674529025594056
CROP.CORN.COMMERCIAL,2017,grain,4598.42371078031,bu,88.33,84.0,b1e493ac8a1760597dd7bd7c1e12541b43e7e51a,598d17ec200eeb9e27ae829746ccf47c57761bc1
CROP.SOYBEAN.COMMERCIAL,2015,grain,26900.305575356688,bu,11.0,10.85,3e9763bc48ac362d45ed6ea6a8035b7e515424ac,0966e34316e39217e4f26fbe20fc14e24c26567b
CROP.CORN.COMMERCIAL,2017,grain,120270.71015344751,bu,19.07,,1a52173707ec6b114ffc8b33be3043eca43f2eb4,fe62dee029474d52346542845674529025594056
CROP.SOYBEAN.COMMERCIAL,2016,grain,6497.014139600623,bu,157.35,,efc62bd0e34322ab7dcd0a67f1577f2c55752da7,fe62dee029474d52346542845674529025594056
CROP.CORN.COMMERCIAL,2016,grain,63889.70088184744,bu,76.2,74.65,8a6c9e8450dca9bcbb0587615af19832d8ef3569,598d17ec200eeb9e27ae829746ccf47c57761bc1
CROP.CORN.COMMERCIAL,2016,grain,42528.79881415826,bu,54.8,54.5,e092fbdd0996a08f5a9dc28a0b1ed1f37b18224f,598d17ec200eeb9e27ae829746ccf47c57761bc1
CROP.CORN.COMMERCIAL,2015,grain,97972.4667023698,bu,150.01,150.0,cf03501f21bed7e8a83f98419fad7a37c1618ab5,0966e34316e39217e4f26fbe20fc14e24c26567b
CROP.CORN.COMMERCIAL,2016,grain,59249.68506600445,bu,,,6c72c2cb8ac35f84e4cab5d22a9eb3c2e5783e69,106e6791d0f181b391cde800e74fdc14d529dc0a
CROP.CORN.COMMERCIAL,2017,grain,4825.418669226009,bu,,155.0,3cb8bbd31273bf78fe76e19459713d7a20773ddb,7853306a8cfa951541aef8f4f8374ad845894a4a
CROP.SOYBEAN.COMMERCIAL,2015,grain,2142.7314496974086,bu,61.87,,c064f9a97c867c8596c916ad718d96c5ffa9e44c,598d17ec200eeb9e27ae829746ccf47c57761bc1
CROP.CORN.COMMERCIAL,2016,grain,132044.68568077614,bu,,,17ba0791499db908433b80f37c5fbc89b870084b,fe62dee029474d52346542845674529025594056
CROP.CORN.COMMERCIAL,2015,grain,76017.57964095703,bu,42.05,,5114f00a12710fde441de7d2e03bb2916cee21a1,598d17ec200eeb9e27ae829746ccf47c57761bc1
CROP.CORN.COMMERCIAL,2017,grain,36973.330915894505,bu,,200.0,79023b9325f737b345039aa9c3bf416f066f4136,106e6791d0f181b391cde800e74fdc14d529dc0a
CROP.SOYBEAN.COMMERCIAL,2017,grain,9740.000542630121,bu,50.61,50.61,ed5925414c882633205cadfd0becc5481570a541,598d17ec200eeb9e27ae829746ccf47c57761bc1
CROP.CORN.COMMERCIAL,2016,grain,34502.09770272733,bu,85.39,85.0,82b82a533543b08859a0a428b7425feb32757d29,598d17ec200eeb9e27ae829746ccf47c57761bc1
CROP.SOYBEAN.COMMERCIAL,2016,grain,38391.6181719103,bu,77.32,,144e921473ad6fb5dd9c07d16434415b44065b76,dcf70d3a931a836d948e93429eb7dd4a9c9c718e
CROP.CORN.COMMERCIAL,2017,grain,81862.85211423191,bu,10.49,10.49,9447d037281c3aa661777cdf2a78e244d14012c0,9f82bb949b4be165331106bfed87ea4f1e44fcd8
CROP.SOYBEAN.COMMERCIAL,2015,grain,14244.719812737443,bu,115.0,115.14,9d2e94f13dd91bd8c932da1be055cd4158e8f16b,0966e34316e39217e4f26fbe20fc14e24c26567b
CROP.SOYBEAN.COMMERCIAL,2017,grain,33648.321827388325,bu,,,841273e6e5fc30584ce347b7a4769e62bacab800,2498aa02bfe5084932147db868715faf88ffcb41
CROP.CORN.COMMERCIAL,2017,grain,31007.7826706874,bu,228.39,223.0,36ad9561acb97f30194e784a297f011542f59433,598d17ec200eeb9e27ae829746ccf47c57761bc1
CROP.CORN.COMMERCIAL,2017,grain,57714.23569356332,bu,16.79,,0cc1b0a8c09d8bb4ba14b926e63e5ad590c159b4,598d17ec200eeb9e27ae829746ccf47c57761bc1
CROP.CORN.COMMERCIAL,2015,grain,87429.83922198806,bu,223.84,223.0,36ad9561acb97f30194e784a297f011542f59433,598d17ec200eeb9e27ae829746ccf47c57761bc1
CROP.CORN.COMMERCIAL,2015,grain,63449.95308111445,bu,53.03,,52188e8908e39d965925b640a8995538de30de0a,598d17ec200eeb9e27ae829746ccf47c57761bc1
CROP.CORN.COMMERCIAL,2017,grain,80485.95104160589,bu,,102.0,90c415b0c7b5ee9d3e769e8f5a5fe18537fe9e9b,598d17ec200eeb9e27ae829746ccf47c57761bc1
CROP.CORN.COMMERCIAL,2014,grain,74964.23125196423,bu,87.8418986,86.5,aaeab87381522227199fe3d1a71e0741826abad2,106e6791d0f181b391cde800e74fdc14d529dc0a
CROP.CORN.COMMERCIAL,2014,grain,160429.35801272356,bu,,,a12eb00a8434d1f2f0f5819c2c644fa09793a333,726cce9d9800d792d1e0fbb83923ac4c6be4f668
CROP.CORN.COMMERCIAL,2014,grain,92443.14058111551,bu,59.42,,f60d9d8c5f2af39bb4bfac7cb1f435989e6d84ce,106e6791d0f181b391cde800e74fdc14d529dc0a
CROP.SOYBEAN.COMMERCIAL,2016,grain,18624.222931384615,bu,,266.0,f8f190fab49bb29a011885d6b1c7d7b1471fcb13,fe62dee029474d52346542845674529025594056
CROP.CORN.COMMERCIAL,2015,grain,140762.05635342866,bu,4.84,4.0,6c72c2cb8ac35f84e4cab5d22a9eb3c2e5783e69,106e6791d0f181b391cde800e74fdc14d529dc0a
CROP.CORN.COMMERCIAL,2017,grain,105397.6292721418,bu,95.0,147.0,0540bd0e53dbd83c74197f7419c398f4bc110170,564e50b68ab1574426851440c6e42ae5022a5a74
CROP.CORN.COMMERCIAL,2015,grain,75497.21486864756,bu,10.22,10.15,e5e9351797b81a62804e8797386dcb8b5f4be891,598d17ec200eeb9e27ae829746ccf47c57761bc1
CROP.CORN.COMMERCIAL,2017,grain,52562.80765828168,bu,41.68,,a17cec4433a71722240d5ab3d3287d96b3d23110,598d17ec200eeb9e27ae829746ccf47c57761bc1
CROP.CORN.COMMERCIAL,2014,grain,48149.25523669995,bu,,,f06c46fe892d3c5b6857fedb2e2d98404a7acbaf,726cce9d9800d792d1e0fbb83923ac4c6be4f668
CROP.SOYBEAN.COMMERCIAL,2015,grain,5711.641794578639,bu,40.0,39.96,d671c3cc2a5bf60043a026c876220869b56537ee,0966e34316e39217e4f26fbe20fc14e24c26567b
CROP.CORN.COMMERCIAL,2015,grain,34694.21944317083,bu,1.7000000000000002,1.6,d64f46e52ae55b85c21ab96be025236df9687773,fe62dee029474d52346542845674529025594056
CROP.CORN.COMMERCIAL,2015,grain,57207.522093951,bu,28.2,28.1,07a673326823d0b81a940c4b555622f149451e75,598d17ec200eeb9e27ae829746ccf47c57761bc1
CROP.CORN.COMMERCIAL,2014,grain,71667.16752389199,bu,17.52339,18.5,2d1acb1174d8088876fb72e0a12a0781cab7d479,fe62dee029474d52346542845674529025594056
CROP.SOYBEAN.COMMERCIAL,2014,grain,42931.739669016526,bu,,,4121834a9baaea73c915c887530ce4634162c45e,726cce9d9800d792d1e0fbb83923ac4c6be4f668
CROP.CORN.COMMERCIAL,2015,grain,26552.37497429994,bu,112.92,,f1ed159a2cabb9ff836d38b5f7192badaa2849a5,726cce9d9800d792d1e0fbb83923ac4c6be4f668
CROP.SOYBEAN.COMMERCIAL,2014,grain,35438.29048620263,bu,54.365982,52.0,30f2912152467138c78c9fc93dd7c190ae7d134d,106e6791d0f181b391cde800e74fdc14d529dc0a
CROP.CORN.COMMERCIAL,2015,grain,65749.31947604622,bu,29.36,29.0,2dfb65e56a186dd05bd5028e00e9d2fc515ae9af,b3bd5efa1dbecf1a1a564b8bc6303c4a2c162fb1
CROP.CORN.COMMERCIAL,2015,grain,75866.70510489207,bu,73.23,,5515725bb6b49404609a487ad7c78a6756d06c25,fe62dee029474d52346542845674529025594056
CROP.CORN.COMMERCIAL,2017,grain,54513.15529159018,bu,39.7,339.0,9a3308fd26e1210e145b334b1c3e170f34e567e3,fe62dee029474d52346542845674529025594056
CROP.CORN.COMMERCIAL,2015,grain,63695.23920096856,bu,98.52,,fcd0248878ee8a137d57a8dc8f480436804e2189,598d17ec200eeb9e27ae829746ccf47c57761bc1
CROP.CORN.COMMERCIAL,2017,grain,86784.2526155482,bu,64.4785568,65.0,f0cf77d67eafd85e0f9bdbbf7887c927dd09f75d,598d17ec200eeb9e27ae829746ccf47c57761bc1
CROP.CORN.COMMERCIAL,2017,grain,12022.982073217552,bu,,147.0,5f0adb62b16572c53c2068b0110b484de2496df5,564e50b68ab1574426851440c6e42ae5022a5a74
CROP.SOYBEAN.COMMERCIAL,2015,grain,35372.145246992484,bu,92.0,92.12,d7dd22655ab1d0b6bcc57ac1f3d0dd8e4bee8cb7,0966e34316e39217e4f26fbe20fc14e24c26567b
CROP.CORN.COMMERCIAL,2014,grain,96547.36921922062,bu,34.7816259,,c76cbddf578b63db97af9721a831b30f2d73db18,fe62dee029474d52346542845674529025594056
CROP.SOYBEAN.COMMERCIAL,2017,grain,9350.667761440458,bu,79.7,80.21,ed7e44f184a071a25c905e1ee9f73c6741e0bd01,598d17ec200eeb9e27ae829746ccf47c57761bc1
CROP.SOYBEAN.COMMERCIAL,2015,grain,21014.486903444817,bu,86.0,86.76,f5bdcea5be6419667141f4a83283645ed68d0890,0966e34316e39217e4f26fbe20fc14e24c26567b
CROP.CORN.COMMERCIAL,2015,grain,47118.7541709997,bu,220.23,,a11ab706c2f1348764a6a67fd9928c5875c6e543,598d17ec200eeb9e27ae829746ccf47c57761bc1
CROP.CORN.COMMERCIAL,2014,grain,60366.64546803149,bu,,,0f6fc21fe4ea2504732646df3412362a0c3440e1,726cce9d9800d792d1e0fbb83923ac4c6be4f668
CROP.CORN.COMMERCIAL,2015,grain,86104.93248812619,bu,85.89,,b578e6be1ede28c8999d8d0da70ab8a80bdbcd53,598d17ec200eeb9e27ae829746ccf47c57761bc1
CROP.CORN.COMMERCIAL,2016,grain,25602.60647287374,bu,,,4da7eb451613f4e33463ea474b2d24f51d0540ff,0966e34316e39217e4f26fbe20fc14e24c26567b
CROP.CORN.COMMERCIAL,2017,grain,134799.10307815688,bu,,,d8af4f1c279187449da52e16a27539c9ce1344d2,2498aa02bfe5084932147db868715faf88ffcb41
CROP.CORN.COMMERCIAL,2017,grain,91307.00378941216,bu,43.49,41.63,d2ed090d89a4a499a5bd4e849a343a12fe983c08,1d427ae4148dfebbd56f904a0de246fd89712cf0
CROP.CORN.COMMERCIAL,2017,grain,170897.70850952496,bu,56.0,,9493472814cf7f3fd40c532c1976a6051387db0a,485482977cd1d502b0b51d03d22710ae857ba701
CROP.SOYBEAN.COMMERCIAL,2015,grain,2780.602829706748,bu,392.0,390.0,8901f562983ecebf44e9443be506c9f6269582e5,726cce9d9800d792d1e0fbb83923ac4c6be4f668
CROP.SOYBEAN.COMMERCIAL,2015,grain,22863.36887565956,bu,121.32,,6a91478980fbdf4d9229ae3a1174e3f90c50c63e,598d17ec200eeb9e27ae829746ccf47c57761bc1
CROP.CORN.COMMERCIAL,2015,grain,44384.62888771624,bu,84.34,,b1e493ac8a1760597dd7bd7c1e12541b43e7e51a,598d17ec200eeb9e27ae829746ccf47c57761bc1
CROP.SOYBEAN.COMMERCIAL,2015,grain,13821.720185102706,bu,101.31,,ed6c2846f20f0ea61ef43a699483ca56fb22655d,598d17ec200eeb9e27ae829746ccf47c57761bc1
CROP.CORN.COMMERCIAL,2015,grain,73179.4384186477,bu,197.66,,f6d743e9583b9fda6ca92a7ec90d57a9caf08376,598d17ec200eeb9e27ae829746ccf47c57761bc1
CROP.CORN.COMMERCIAL,2016,grain,53378.34767459213,bu,39.2692747088,40.75,a17cec4433a71722240d5ab3d3287d96b3d23110,598d17ec200eeb9e27ae829746ccf47c57761bc1
CROP.CORN.COMMERCIAL,2015,grain,31573.754388716978,bu,103.43,103.82,a82b63774a05b3cee8f7afb82350f24e92176bd1,0966e34316e39217e4f26fbe20fc14e24c26567b
CROP.CORN.COMMERCIAL,2015,grain,125696.72917498248,bu,64.48,,f0cf77d67eafd85e0f9bdbbf7887c927dd09f75d,598d17ec200eeb9e27ae829746ccf47c57761bc1
CROP.CORN.COMMERCIAL,2016,grain,73595.71279540028,bu,69.44,,17ba0791499db908433b80f37c5fbc89b870084b,fe62dee029474d52346542845674529025594056
CROP.CORN.COMMERCIAL,2017,grain,24887.09565090387,bu,35.78,221.0,c76cbddf578b63db97af9721a831b30f2d73db18,fe62dee029474d52346542845674529025594056
CROP.SOYBEAN.COMMERCIAL,2015,grain,30585.245999309904,bu,85.0,,17fb6f731b1813591630f4d67c5f683e27b5cf07,106e6791d0f181b391cde800e74fdc14d529dc0a
CROP.CORN.COMMERCIAL,2016,grain,38089.04269668588,bu,136.0,136.5,cb0575a03b83d7234b74a8dbb1022b42ff17dcc6,598d17ec200eeb9e27ae829746ccf47c57761bc1
CROP.SOYBEAN.COMMERCIAL,2016,grain,8171.547260492073,bu,,25.0,de5bf9fd04e342823175dba3e765c067b1e28edf,0966e34316e39217e4f26fbe20fc14e24c26567b
CROP.SOYBEAN.COMMERCIAL,2017,grain,7441.857462115195,bu,82.0299994244,,396eaf77e4048a0c54a12f5ccb988b0702d0e10c,598d17ec200eeb9e27ae829746ccf47c57761bc1
CROP.SOYBEAN.COMMERCIAL,2015,grain,45873.07253587995,bu,41.5,,4121834a9baaea73c915c887530ce4634162c45e,726cce9d9800d792d1e0fbb83923ac4c6be4f668
CROP.CORN.COMMERCIAL,2015,grain,61618.19506305735,bu,10.1,8.1,6c72c2cb8ac35f84e4cab5d22a9eb3c2e5783e69,106e6791d0f181b391cde800e74fdc14d529dc0a
CROP.CORN.COMMERCIAL,2015,grain,20228.135739087935,bu,104.6415,186.0,3b8adebd92084b14e88c1c002d1975ae15779e13,726cce9d9800d792d1e0fbb83923ac4c6be4f668
CROP.SOYBEAN.COMMERCIAL,2015,grain,26999.808310917673,bu,381.09,,efefc9519f82ea868be1741749c399d235d34c2c,726cce9d9800d792d1e0fbb83923ac4c6be4f668
CROP.CORN.COMMERCIAL,2016,grain,40815.644628577014,bu,103.78,101.3,ed6c2846f20f0ea61ef43a699483ca56fb22655d,598d17ec200eeb9e27ae829746ccf47c57761bc1
CROP.CORN.COMMERCIAL,2015,grain,28609.09138803949,bu,198.35,,ce8405c765887b5dfb9f167609ba8610c9a9cd2b,598d17ec200eeb9e27ae829746ccf47c57761bc1
CROP.SOYBEAN.COMMERCIAL,2017,grain,3926.6226942355042,bu,,,9b0fcd935d456d6978fc129fdea6c77a39558462,fe62dee029474d52346542845674529025594056
CROP.SOYBEAN.COMMERCIAL,2015,grain,6626.889107062745,bu,132.91,,6c6ce527973c4953e1c6294e3e45093a00b1a41b,598d17ec200eeb9e27ae829746ccf47c57761bc1
CROP.CORN.COMMERCIAL,2016,grain,49242.95097054159,bu,45.9,44.65,9dbaffe968f8b893078eefd7751f53bb2f71d6be,598d17ec200eeb9e27ae829746ccf47c57761bc1
CROP.CORN.COMMERCIAL,2015,grain,107057.2790548567,bu,52.18,,daeab438051b9d0a654659b7f038f08b44c184af,598d17ec200eeb9e27ae829746ccf47c57761bc1
CROP.SOYBEAN.COMMERCIAL,2016,grain,32644.053316179892,bu,134.04,134.2,00ed44d041d6b0f8a538b2815fdb34b2dcee329c,598d17ec200eeb9e27ae829746ccf47c57761bc1
CROP.SOYBEAN.COMMERCIAL,2015,grain,47032.918463635164,bu,20.0,,edc2c9424c71ce5c17039db8b06a8c1bb0f72026,106e6791d0f181b391cde800e74fdc14d529dc0a
CROP.SOYBEAN.COMMERCIAL,2015,grain,9110.330740471243,bu,85.39,85.39,69ae47efa7bdab571b94f716d988985f9159adf2,b3bd5efa1dbecf1a1a564b8bc6303c4a2c162fb1
CROP.CORN.COMMERCIAL,2016,grain,85311.59600174344,bu,,112.8,4ff655b60afc6850d2991df66301b3cddacedaa9,fe62dee029474d52346542845674529025594056
CROP.CORN.COMMERCIAL,2017,grain,109549.93494483533,bu,31.17,100.0,4acf2d77af0d2a23020b0e33416f0f911435b6fb,598d17ec200eeb9e27ae829746ccf47c57761bc1
CROP.CORN.COMMERCIAL,2015,grain,45007.903777553875,bu,,,94e7f1d73f150ff706c27b56dbc195585f90a1a4,fe62dee029474d52346542845674529025594056
CROP.CORN.COMMERCIAL,2016,grain,55566.38003501264,bu,,,bc023d81ccde0b0542f954f8087d3ca54478f189,ced5d63baaa0323be6503a0fa952c684ddce8745
CROP.CORN.COMMERCIAL,2017,grain,35400.55899530591,bu,,,d8af4f1c279187449da52e16a27539c9ce1344d2,2498aa02bfe5084932147db868715faf88ffcb41
CROP.CORN.COMMERCIAL,2016,grain,107356.74770417796,bu,131.0,130.94,075041a114b9768612d10b7ea78b3d8cba71521c,598d17ec200eeb9e27ae829746ccf47c57761bc1
CROP.CORN.COMMERCIAL,2014,grain,2670.5591126799522,bu,74.0,,4f066ef6d07405fb98f7c15a1d8a080013863a9f,106e6791d0f181b391cde800e74fdc14d529dc0a
CROP.CORN.COMMERCIAL,2014,grain,111629.31931276023,bu,,,3b8ad599ef4028a067f4e67b3a649cc226e1a776,726cce9d9800d792d1e0fbb83923ac4c6be4f668
CROP.CORN.COMMERCIAL,2017,grain,85091.92187972918,bu,40.0,,9f54f5fd07b24284fab1aa98ad6ac8e16cd07fa8,bb2187d34c27359e4e0c513ba47b0451c42907e9
CROP.SOYBEAN.COMMERCIAL,2015,grain,38559.03827629822,bu,52.0,52.02,5326c640348588b6c69ff9662ad0dfa6c2b1597f,0966e34316e39217e4f26fbe20fc14e24c26567b
CROP.CORN.COMMERCIAL,2017,grain,70197.14899952253,bu,94.87,,d86416f15046fe3e24bc4efecc70abfdee760f57,598d17ec200eeb9e27ae829746ccf47c57761bc1
CROP.CORN.COMMERCIAL,2016,grain,45397.01935033775,bu,27.2,,2ddd1b7314344df9dfe64a2df07c15848174cd24,fe62dee029474d52346542845674529025594056
CROP.CORN.COMMERCIAL,2017,grain,65906.88060799206,bu,,,76b3404e1408425ecb16852172e5066e8bb82f1f,106e6791d0f181b391cde800e74fdc14d529dc0a
CROP.CORN.COMMERCIAL,2015,grain,55548.89919224585,bu,161.78,,04aa2c573e5e029dc25c2a5ed84df869f5ef7ec6,106e6791d0f181b391cde800e74fdc14d529dc0a
CROP.SOYBEAN.COMMERCIAL,2017,grain,5077.83321142603,bu,139.28,,50ed458ee581b7be7693e0e768d7c612cb4489f4,598d17ec200eeb9e27ae829746ccf47c57761bc1
CROP.SOYBEAN.COMMERCIAL,2017,grain,24716.58770112268,bu,116.66,116.66,478c6e58b93552db51e3f44f6727e5ca5d337b76,598d17ec200eeb9e27ae829746ccf47c57761bc1
CROP.CORN.COMMERCIAL,2017,grain,54412.251085300806,bu,85.89,135.0,b578e6be1ede28c8999d8d0da70ab8a80bdbcd53,598d17ec200eeb9e27ae829746ccf47c57761bc1
CROP.SOYBEAN.COMMERCIAL,2017,grain,32806.0419104932,bu,8.54,,42352eb4d6f767b18afdd56d13f9abe653514d7d,598d17ec200eeb9e27ae829746ccf47c57761bc1
CROP.CORN.COMMERCIAL,2017,grain,16229.008047884838,bu,,,6c72c2cb8ac35f84e4cab5d22a9eb3c2e5783e69,106e6791d0f181b391cde800e74fdc14d529dc0a
CROP.CORN.COMMERCIAL,2016,grain,108455.68540043071,bu,115.56,115.4,930a31b273111ac76f4f8785152d93e799150f9c,598d17ec200eeb9e27ae829746ccf47c57761bc1
CROP.CORN.COMMERCIAL,2017,grain,37374.36449931888,bu,,141.0,bfd5165a98f321707b4828d0261a9886a94077ae,7853306a8cfa951541aef8f4f8374ad845894a4a
CROP.SOYBEAN.COMMERCIAL,2015,grain,11680.233771663956,bu,135.29,,50ed458ee581b7be7693e0e768d7c612cb4489f4,598d17ec200eeb9e27ae829746ccf47c57761bc1
CROP.CORN.COMMERCIAL,2017,grain,62010.097162931546,bu,20.52,20.0,b25ddb082807ff10842b24af3397decd61eb446b,598d17ec200eeb9e27ae829746ccf47c57761bc1
CROP.CORN.COMMERCIAL,2016,grain,84322.48045612969,bu,68.75,50.0,bae06f0e4203f21817bfde0a70762b443a3b39da,fe62dee029474d52346542845674529025594056
CROP.CORN.COMMERCIAL,2015,grain,11062.555920113622,bu,102.27,,90c415b0c7b5ee9d3e769e8f5a5fe18537fe9e9b,598d17ec200eeb9e27ae829746ccf47c57761bc1
CROP.CORN.COMMERCIAL,2016,grain,66340.94383368075,bu,50.0,50.4,ed5925414c882633205cadfd0becc5481570a541,598d17ec200eeb9e27ae829746ccf47c57761bc1
CROP.CORN.COMMERCIAL,2015,grain,83878.70081493091,bu,,,69f0ae736d5424971548eeec0f9614036c2fc2eb,fe62dee029474d52346542845674529025594056
CROP.SOYBEAN.COMMERCIAL,2015,grain,28169.245129582734,bu,126.78,,a60c51fe349de8f5028c0dca9b14bfe66ea9b53c,726cce9d9800d792d1e0fbb83923ac4c6be4f668
CROP.CORN.COMMERCIAL,2016,grain,28062.447681678663,bu,,,17ba0791499db908433b80f37c5fbc89b870084b,fe62dee029474d52346542845674529025594056
CROP.CORN.COMMERCIAL,2015,grain,62628.977083203994,bu,,10.0,d64f46e52ae55b85c21ab96be025236df9687773,fe62dee029474d52346542845674529025594056
CROP.SOYBEAN.COMMERCIAL,2016,grain,35909.292728527034,bu,39.0,78.4222656,9713fdcb2ec5f9923f9aa99557a4deb89a994cde,598d17ec200eeb9e27ae829746ccf47c57761bc1
CROP.CORN.COMMERCIAL,2017,grain,16200.1910508193,bu,,164.0,6a516d03f00c881822f76311f39a9237588d1f53,2498aa02bfe5084932147db868715faf88ffcb41
CROP.SOYBEAN.COMMERCIAL,2015,grain,7303.397075578767,bu,86.92,,66ee7d7025154e3aaa2bd3fb6974d33293eaa8de,598d17ec200eeb9e27ae829746ccf47c57761bc1
CROP.CORN.COMMERCIAL,2015,grain,47420.059707547094,bu,,,dbc1127227c9b346ac662dc0e5d81e36bc32ea72,fe62dee029474d52346542845674529025594056
CROP.CORN.COMMERCIAL,2016,grain,56163.996447750695,bu,230.13,230.0,d680800b4acc327425bf24f52e992aaffa610600,598d17ec200eeb9e27ae829746ccf47c57761bc1
CROP.CORN.COMMERCIAL,2016,grain,18837.05632992833,bu,,79.8621167,85829f5fe8238630a438305b7ffaf1880c478caa,fe62dee029474d52346542845674529025594056
CROP.CORN.COMMERCIAL,2017,grain,3246.007256071882,bu,127.43,,930a31b273111ac76f4f8785152d93e799150f9c,598d17ec200eeb9e27ae829746ccf47c57761bc1
CROP.CORN.COMMERCIAL,2015,grain,61113.41660706164,bu,31.17,,4acf2d77af0d2a23020b0e33416f0f911435b6fb,598d17ec200eeb9e27ae829746ccf47c57761bc1
CROP.SOYBEAN.COMMERCIAL,2017,grain,19772.32305911452,bu,155.99,,32feca2bc2fd5dd3f92c0c9a3ccf1b388a991258,598d17ec200eeb9e27ae829746ccf47c57761bc1
CROP.SOYBEAN.COMMERCIAL,2017,grain,24324.58666380338,bu,25.0,154.0,77d920b08a99d1714a610a8dba95ac0c8a24363d,fe62dee029474d52346542845674529025594056
CROP.CORN.COMMERCIAL,2015,grain,42498.86440736538,bu,,50.0,17ba0791499db908433b80f37c5fbc89b870084b,fe62dee029474d52346542845674529025594056
CROP.SOYBEAN.COMMERCIAL,2015,grain,34670.86274069015,bu,29.0,28.49,373b845a8eb362f8dd343300874f1cb424d3d62c,0966e34316e39217e4f26fbe20fc14e24c26567b
CROP.SOYBEAN.COMMERCIAL,2014,grain,48721.700265464475,bu,32.0,33.0,d1f129caa6ad88c0ca2b6b274dbb225c3aa3e5f8,fe62dee029474d52346542845674529025594056
CROP.CORN.COMMERCIAL,2017,grain,66970.64081987848,bu,,,1676133eae5c08cbe6c1454e9fe269b40aeabffa,b3bd5efa1dbecf1a1a564b8bc6303c4a2c162fb1
CROP.SOYBEAN.COMMERCIAL,2015,grain,16376.514649494875,bu,367.17,,a75d5706275a773d0c4a4697783e9a8421a06844,726cce9d9800d792d1e0fbb83923ac4c6be4f668
CROP.SOYBEAN.COMMERCIAL,2015,grain,32732.85536655291,bu,194.6,,acae71f7ed099a11cb511918d1be78df470139c5,598d17ec200eeb9e27ae829746ccf47c57761bc1
CROP.CORN.COMMERCIAL,2016,grain,64926.8650858421,bu,233.0,232.0,b78223432b759dedd332a6662cc614ef3e15b896,598d17ec200eeb9e27ae829746ccf47c57761bc1
CROP.CORN.COMMERCIAL,2015,grain,12504.09756174209,bu,131.04,,315645c27aa18fb735ae335b0e42692ac62e0558,726cce9d9800d792d1e0fbb83923ac4c6be4f668
CROP.CORN.COMMERCIAL,2016,grain,36772.497123776455,bu,132.9108172489,132.91,6c6ce527973c4953e1c6294e3e45093a00b1a41b,598d17ec200eeb9e27ae829746ccf47c57761bc1
CROP.CORN.COMMERCIAL,2015,grain,97456.34243064102,bu,130.0,,3989f9b7ba74184fd9233017582c50be37d97daf,fe62dee029474d52346542845674529025594056
CROP.SOYBEAN.COMMERCIAL,2017,grain,13942.18190920008,bu,192.97,,1769af5e396f1785e66f980a5bc21a4cd81e25f4,598d17ec200eeb9e27ae829746ccf47c57761bc1
CROP.SOYBEAN.COMMERCIAL,2017,grain,22016.889157021385,bu,85.39,85.39,82b82a533543b08859a0a428b7425feb32757d29,598d17ec200eeb9e27ae829746ccf47c57761bc1
CROP.CORN.COMMERCIAL,2015,grain,72316.89087202566,bu,47.34,46.7,f06c46fe892d3c5b6857fedb2e2d98404a7acbaf,726cce9d9800d792d1e0fbb83923ac4c6be4f668
CROP.SOYBEAN.COMMERCIAL,2015,grain,2234.1747010881877,bu,50.0,50.31,62e2c677118c2b78f17c6ff57f42928173947564,0966e34316e39217e4f26fbe20fc14e24c26567b
CROP.SOYBEAN.COMMERCIAL,2017,grain,14235.876696412606,bu,48.98,44.33,84dfbd904feb88f18464430b17dafe47fe86ff36,598d17ec200eeb9e27ae829746ccf47c57761bc1
CROP.CORN.COMMERCIAL,2016,grain,71198.98145059573,bu,,,9e89b50c3732044c3426115d0ac17965ec85c3f1,2a880f4ff3ae665353219c9a52f4e982cdb433e2
CROP.CORN.COMMERCIAL,2017,grain,56455.084641320944,bu,30.0,,17ba0791499db908433b80f37c5fbc89b870084b,fe62dee029474d52346542845674529025594056
CROP.CORN.COMMERCIAL,2015,grain,88871.1824223684,bu,233.05,,d680800b4acc327425bf24f52e992aaffa610600,598d17ec200eeb9e27ae829746ccf47c57761bc1
CROP.SOYBEAN.COMMERCIAL,2016,grain,1729.459878799841,bu,,,aaeab87381522227199fe3d1a71e0741826abad2,106e6791d0f181b391cde800e74fdc14d529dc0a
CROP.CORN.COMMERCIAL,2017,grain,47242.120201056125,bu,13.63,,9932ff9d5b3bd3b9cebc5136125ca0eeeab4fad5,598d17ec200eeb9e27ae829746ccf47c57761bc1
CROP.CORN.COMMERCIAL,2016,grain,54034.9825173032,bu,92.0,90.0,6efb4b2b07e734fb9ca207792856d073f41c67b2,fe62dee029474d52346542845674529025594056
CROP.CORN.COMMERCIAL,2016,grain,19673.54753365925,bu,86.0,86.35,66ee7d7025154e3aaa2bd3fb6974d33293eaa8de,598d17ec200eeb9e27ae829746ccf47c57761bc1
CROP.CORN.COMMERCIAL,2015,grain,65280.39995477577,bu,151.25,,177980ee0fc6f8d942b7c218497a557ddeefeec7,726cce9d9800d792d1e0fbb83923ac4c6be4f668
CROP.CORN.COMMERCIAL,2016,grain,131682.24118796605,bu,,,ea2866287de4cc6380ed7f73d8e217917f160f2c,fe62dee029474d52346542845674529025594056
CROP.CORN.COMMERCIAL,2015,grain,3329.772238606298,bu,86.54,88.3,bacf71b3c5615b98c6c3e68de733bd3f8cf92f66,726cce9d9800d792d1e0fbb83923ac4c6be4f668
CROP.SOYBEAN.COMMERCIAL,2015,grain,17704.31725207986,bu,,600.0,17ba0791499db908433b80f37c5fbc89b870084b,fe62dee029474d52346542845674529025594056
CROP.SOYBEAN.COMMERCIAL,2015,grain,13172.95179799885,bu,134.18,,3cefe3116a46b3452eb5f5038af9487c9f6fa42a,598d17ec200eeb9e27ae829746ccf47c57761bc1
CROP.CORN.COMMERCIAL,2016,grain,1581.9819778954877,bu,14.76,,4d5b90ee18d570ec6b0dc27f64e44ee714b71d72,fe62dee029474d52346542845674529025594056
CROP.SOYBEAN.COMMERCIAL,2016,grain,12992.706407392609,bu,23.8977839,,90d5d79a3c785a8be986cb246c27357c7c64e2eb,462c9ed4acd1c1b5ec3b130f3101b54cd5a66bfb
CROP.SOYBEAN.COMMERCIAL,2015,grain,17761.341894631354,bu,42.75,,790456c61a24b82fdf2acd866fe9722919cb6358,726cce9d9800d792d1e0fbb83923ac4c6be4f668
CROP.SOYBEAN.COMMERCIAL,2015,grain,46483.469960609225,bu,74.52,,8a6c9e8450dca9bcbb0587615af19832d8ef3569,598d17ec200eeb9e27ae829746ccf47c57761bc1
CROP.CORN.COMMERCIAL,2017,grain,11178.895146172243,bu,,,d8af4f1c279187449da52e16a27539c9ce1344d2,2498aa02bfe5084932147db868715faf88ffcb41
CROP.CORN.COMMERCIAL,2015,grain,46048.888933195194,bu,,166.0,fa2e631ada6896a07feec8520cdee0e2c40b8f9c,fe62dee029474d52346542845674529025594056
CROP.SOYBEAN.COMMERCIAL,2015,grain,18682.15801396905,bu,47.02,,bcb438d1acefc74f5223fe1d70ccb2353cc6c38f,726cce9d9800d792d1e0fbb83923ac4c6be4f668
CROP.CORN.COMMERCIAL,2017,grain,51709.6371784436,bu,,,ea6ea24d1488a59ea8c4d258cf8ecb4b7fc497b4,485482977cd1d502b0b51d03d22710ae857ba701
CROP.SOYBEAN.COMMERCIAL,2015,grain,5873.740129045814,bu,101.0,,6a0a29666d8f8a14360dae95a0369dceb6561c6f,598d17ec200eeb9e27ae829746ccf47c57761bc1
CROP.CORN.COMMERCIAL,2015,grain,67490.4556548954,bu,40.75,,a17cec4433a71722240d5ab3d3287d96b3d23110,598d17ec200eeb9e27ae829746ccf47c57761bc1
CROP.SOYBEAN.COMMERCIAL,2016,grain,13654.847763977663,bu,224.0,220.4997441,a11ab706c2f1348764a6a67fd9928c5875c6e543,598d17ec200eeb9e27ae829746ccf47c57761bc1
CROP.SOYBEAN.COMMERCIAL,2014,grain,33510.334196502605,bu,,,bcb438d1acefc74f5223fe1d70ccb2353cc6c38f,726cce9d9800d792d1e0fbb83923ac4c6be4f668
CROP.CORN.COMMERCIAL,2016,grain,40704.81471642489,bu,62.8,,e9e1a8b54863aee1d2213377fc8d4ae93b4dfa96,462c9ed4acd1c1b5ec3b130f3101b54cd5a66bfb
CROP.CORN.COMMERCIAL,2014,grain,72532.8695111538,bu,36.3,160.0,0693c33638945a4ca51cc19c1bbc2adba2bd9dfc,ced5d63baaa0323be6503a0fa952c684ddce8745
CROP.CORN.COMMERCIAL,2015,grain,50091.06209916331,bu,127.89,127.31,d8bcc52defbf56e86d79dd3213d2dc422e7591b2,0966e34316e39217e4f26fbe20fc14e24c26567b
CROP.CORN.COMMERCIAL,2015,grain,72642.02774739162,bu,10.1,0.2,6c72c2cb8ac35f84e4cab5d22a9eb3c2e5783e69,106e6791d0f181b391cde800e74fdc14d529dc0a
CROP.CORN.COMMERCIAL,2017,grain,94698.345099937,bu,,150.0,d5f83dc39502efc6d373f7d8c17c991c95a97e21,7bdbf21b670c1107e808b2eb2032c11e69696e6b
CROP.CORN.COMMERCIAL,2016,grain,82975.77980283528,bu,44.5,44.34,84dfbd904feb88f18464430b17dafe47fe86ff36,598d17ec200eeb9e27ae829746ccf47c57761bc1
CROP.SOYBEAN.COMMERCIAL,2015,grain,190.1339895007026,bu,127.43,,930a31b273111ac76f4f8785152d93e799150f9c,598d17ec200eeb9e27ae829746ccf47c57761bc1
CROP.CORN.COMMERCIAL,2014,grain,10892.150556624283,bu,,,55ecf1d7f43b08670298ae01a75d32b5bc4457bd,726cce9d9800d792d1e0fbb83923ac4c6be4f668
CROP.CORN.COMMERCIAL,2015,grain,160421.4753635353,bu,,,17ba0791499db908433b80f37c5fbc89b870084b,fe62dee029474d52346542845674529025594056
CROP.CORN.COMMERCIAL,2016,grain,36347.20946956656,bu,,,a5f1c14abfaa22de1b1d397763eb174677acd98b,ced5d63baaa0323be6503a0fa952c684ddce8745
CROP.CORN.COMMERCIAL,2015,grain,80549.58552508033,bu,140.89,139.18,8dd2c1528419d4fcf5c05853c23dbeecc8d5768e,0966e34316e39217e4f26fbe20fc14e24c26567b
CROP.CORN.COMMERCIAL,2017,grain,39688.00177124594,bu,35.0,,2c342a569083239fa3d37087a91d7d13fe828b6d,fe62dee029474d52346542845674529025594056
CROP.CORN.COMMERCIAL,2015,grain,11599.0701179449,bu,40.12,43.95,d1170f65e62dbdbb6abfdb0b72c3039126c88169,0966e34316e39217e4f26fbe20fc14e24c26567b
CROP.SOYBEAN.COMMERCIAL,2017,grain,12482.61591239543,bu,,,b712ac1d4550a50dba54876abbfa22112c7e67fa,2ec53b20e3a9f6ff73d290ef3e8e8f30a2a30235
CROP.CORN.COMMERCIAL,2016,grain,70587.75297777202,bu,60.36,,7981b99bc96ab8c08b57ada47d6cb88bfef1e945,fe62dee029474d52346542845674529025594056
CROP.SOYBEAN.COMMERCIAL,2017,grain,5925.181831867938,bu,,,e43e639b2f5771063d245e90900301ac1b8b9167,fe62dee029474d52346542845674529025594056
