field_id,org_id,year,field_area,field_area_unit
cb1e3bd821dd673a0c378b16ba97075919aa993a,0966e34316e39217e4f26fbe20fc14e24c26567b,2016,307.18571926812774,acre
58d04a7094c1b08e9856932a02104d2a36b7b8ce,726cce9d9800d792d1e0fbb83923ac4c6be4f668,2014,213.68067092263553,acre
5e3babe7b318f4245ceb16718665af0b54335443,598d17ec200eeb9e27ae829746ccf47c57761bc1,2015,160.06334248791066,acre
02dc3fe6f889f3ece8daf456d26464d381bc9e55,fe62dee029474d52346542845674529025594056,2015,194.62131157679852,acre
109e500b323e0ef7baadd4409830c7619d8cfbfa,fe62dee029474d52346542845674529025594056,2014,269.0885107536139,acre
a1b95c0d5d12da17a82e1af370743f9b174574e0,106e6791d0f181b391cde800e74fdc14d529dc0a,2014,339.0633228548868,acre
96086a4a633ca9059f8c0472c7e532c14606294a,fe62dee029474d52346542845674529025594056,2017,219.09907572447645,acre
d1f129caa6ad88c0ca2b6b274dbb225c3aa3e5f8,fe62dee029474d52346542845674529025594056,2017,274.3560407159627,acre
ed7e44f184a071a25c905e1ee9f73c6741e0bd01,598d17ec200eeb9e27ae829746ccf47c57761bc1,2015,252.17441808786538,acre
fd72b33016dc565f97e287594573282d0ae29f08,598d17ec200eeb9e27ae829746ccf47c57761bc1,2015,305.1045729839211,acre
ceacbff5f896d6b9f5e1c7d3a520f1e832806158,b3bd5efa1dbecf1a1a564b8bc6303c4a2c162fb1,2016,17.36092914704369,acre
0c090e104b85e5d305640f9d43f32d0a8c5faeb6,0966e34316e39217e4f26fbe20fc14e24c26567b,2015,181.4538696422523,acre
d1fdb5f7aeeac1fe38e570b263b8a876f19ebdae,726cce9d9800d792d1e0fbb83923ac4c6be4f668,2015,282.6236738013283,acre
cb1e3bd821dd673a0c378b16ba97075919aa993a,0966e34316e39217e4f26fbe20fc14e24c26567b,2015,349.212954414382,acre
82de9e36652993a37ce5fbc55fa9033f425fb120,0966e34316e39217e4f26fbe20fc14e24c26567b,2015,214.68956176366757,acre
6682442ec01eee124d9a2b40f049d2036596b969,598d17ec200eeb9e27ae829746ccf47c57761bc1,2015,281.41082680160184,acre
e56218f59c44684b1544101dcac07e620a50aa12,726cce9d9800d792d1e0fbb83923ac4c6be4f668,2015,273.86485388899064,acre
17ba0791499db908433b80f37c5fbc89b870084b,fe62dee029474d52346542845674529025594056,2015,685.8268801264616,acre
17ba0791499db908433b80f37c5fbc89b870084b,fe62dee029474d52346542845674529025594056,2017,295.68003836721147,acre
3ecb07dfe2886a452d827ba5be310bef04548353,2a7365d841e79f504f0c5c55267a87f501e4d1e4,2015,73.04012253810515,acre
daeab438051b9d0a654659b7f038f08b44c184af,598d17ec200eeb9e27ae829746ccf47c57761bc1,2017,648.7330999293702,acre
58d04a7094c1b08e9856932a02104d2a36b7b8ce,726cce9d9800d792d1e0fbb83923ac4c6be4f668,2015,293.03284403579596,acre
1a0092b5af6d86bcb51d99bec0cffdbc19824481,dcf70d3a931a836d948e93429eb7dd4a9c9c718e,2015,319.4951054258555,acre
d0dd4d5942c57babf3fa32fefa8f36aaaff2628a,726cce9d9800d792d1e0fbb83923ac4c6be4f668,2015,458.6811634861202,acre
8901f562983ecebf44e9443be506c9f6269582e5,726cce9d9800d792d1e0fbb83923ac4c6be4f668,2014,365.60937203801086,acre
075041a114b9768612d10b7ea78b3d8cba71521c,598d17ec200eeb9e27ae829746ccf47c57761bc1,2017,196.3939646944019,acre
3043cfa778d98f7970918f0f2958c4b6e9701c7d,0966e34316e39217e4f26fbe20fc14e24c26567b,2015,196.19376908389845,acre
4bd573dff142df79a5d4304a2b4b57bf680d5679,513612757cd6094d98b6a82a01d6f115fe9ae88c,2017,330.569183944892,acre
cf3f6e86d543c52ee323a04feda488b347716f1e,fe62dee029474d52346542845674529025594056,2015,291.5326148802561,acre
aeea5833e9b4fe76ae2fa16f661171b82b95f2d5,106e6791d0f181b391cde800e74fdc14d529dc0a,2017,171.95468600583783,acre
fd72b33016dc565f97e287594573282d0ae29f08,598d17ec200eeb9e27ae829746ccf47c57761bc1,2016,275.97961766202843,acre
b25ddb082807ff10842b24af3397decd61eb446b,598d17ec200eeb9e27ae829746ccf47c57761bc1,2015,370.1592731392616,acre
1be078f7acaac4af4e74389d0607a5ae4d35e741,598d17ec200eeb9e27ae829746ccf47c57761bc1,2016,397.8569918608026,acre
e092fbdd0996a08f5a9dc28a0b1ed1f37b18224f,598d17ec200eeb9e27ae829746ccf47c57761bc1,2015,437.2668534762763,acre
5114f00a12710fde441de7d2e03bb2916cee21a1,598d17ec200eeb9e27ae829746ccf47c57761bc1,2017,567.9140890695008,acre
5ffe5f7993c967a9ec145605bb6bd6597f03b5e2,0966e34316e39217e4f26fbe20fc14e24c26567b,2015,294.512615597502,acre
bed20ae41d9cc29734331ee52d0d94c884dc0caf,0966e34316e39217e4f26fbe20fc14e24c26567b,2015,494.30306877947885,acre
ce8405c765887b5dfb9f167609ba8610c9a9cd2b,598d17ec200eeb9e27ae829746ccf47c57761bc1,2016,292.5586800780907,acre
66dec081f750e2d33394a88a4436242bfbdcf6da,0966e34316e39217e4f26fbe20fc14e24c26567b,2016,480.0608068372396,acre
7ba3d660afdf1b3554dfe5d132d0ebca193ff44a,fe62dee029474d52346542845674529025594056,2015,342.26480236825466,acre
6444e5cd8df1b4a6d3eeb968a30822e3e486bfaa,0966e34316e39217e4f26fbe20fc14e24c26567b,2015,295.2053531246038,acre
218d3434d02d0bf126a34855b96d469927a702c5,fe62dee029474d52346542845674529025594056,2017,129.71321085596296,acre
69c89b5ddcff7650cd0f9d55843dc33a1dd9f613,598d17ec200eeb9e27ae829746ccf47c57761bc1,2017,406.6337353739938,acre
3145985e8b8fee648934025a6d5d96bdf680a101,598d17ec200eeb9e27ae829746ccf47c57761bc1,2015,231.46188593620644,acre
479032f8ad3af44c0e5120cf27fc0dec97bf6e94,fe62dee029474d52346542845674529025594056,2016,525.8095556333393,acre
177980ee0fc6f8d942b7c218497a557ddeefeec7,726cce9d9800d792d1e0fbb83923ac4c6be4f668,2014,162.76409127202578,acre
ed3d9c187d573c0f69e896db96430dcbb17721c6,598d17ec200eeb9e27ae829746ccf47c57761bc1,2016,183.65941745122828,acre
12e8e0ba6375b5cf8ab231802411666c0c55a150,726cce9d9800d792d1e0fbb83923ac4c6be4f668,2014,409.6899860183913,acre
12c6fc06c99a462375eeb3f43dfd832b08ca9e17,fe62dee029474d52346542845674529025594056,2017,243.67371366166265,acre
295f94fd307065b54d72fd025e8b476510592c9b,106e6791d0f181b391cde800e74fdc14d529dc0a,2015,352.11149500418514,acre
51131ad63306bbb3eeb0de920156180fd68be3c6,598d17ec200eeb9e27ae829746ccf47c57761bc1,2016,268.5941309062017,acre
ce8405c765887b5dfb9f167609ba8610c9a9cd2b,598d17ec200eeb9e27ae829746ccf47c57761bc1,2017,250.43975570105135,acre
5f826cc116841bfdbca273cebb21f470e602c75f,0966e34316e39217e4f26fbe20fc14e24c26567b,2015,417.53106816346747,acre
e5e9351797b81a62804e8797386dcb8b5f4be891,598d17ec200eeb9e27ae829746ccf47c57761bc1,2017,157.39100674819247,acre
b78223432b759dedd332a6662cc614ef3e15b896,598d17ec200eeb9e27ae829746ccf47c57761bc1,2017,62.21041328495383,acre
6a0a29666d8f8a14360dae95a0369dceb6561c6f,598d17ec200eeb9e27ae829746ccf47c57761bc1,2017,242.15748906780743,acre
2b67e4d4271e5e1f189443e9370144d1c5a238aa,598d17ec200eeb9e27ae829746ccf47c57761bc1,2016,288.8721517001633,acre
0dd926eb22935abce9d072635fa3301d11ca51ad,0966e34316e39217e4f26fbe20fc14e24c26567b,2015,101.71678926539298,acre
a12eb00a8434d1f2f0f5819c2c644fa09793a333,726cce9d9800d792d1e0fbb83923ac4c6be4f668,2015,224.20007816281213,acre
daeab438051b9d0a654659b7f038f08b44c184af,598d17ec200eeb9e27ae829746ccf47c57761bc1,2016,256.49841851034876,acre
643a0e8179a153aceafaff1307c9bc829ab398c6,fe62dee029474d52346542845674529025594056,2016,418.1687875978532,acre
05c019814ed3ff2c61eb97e267543564d23dd557,2498aa02bfe5084932147db868715faf88ffcb41,2017,412.545360805374,acre
0ed36c4cebc9422c09599331d19995cf6410b513,0966e34316e39217e4f26fbe20fc14e24c26567b,2015,154.61282151285954,acre
3ecb07dfe2886a452d827ba5be310bef04548353,0966e34316e39217e4f26fbe20fc14e24c26567b,2015,370.10410955672256,acre
3448ab07e88349c86cc5d8d0eb3a9538e63e647d,106e6791d0f181b391cde800e74fdc14d529dc0a,2016,247.65651524907412,acre
769f173c007cadfd961696f2c3cff175da480678,0966e34316e39217e4f26fbe20fc14e24c26567b,2015,142.6055064133291,acre
36ad9561acb97f30194e784a297f011542f59433,598d17ec200eeb9e27ae829746ccf47c57761bc1,2016,154.26489562087266,acre
acae71f7ed099a11cb511918d1be78df470139c5,598d17ec200eeb9e27ae829746ccf47c57761bc1,2017,174.238405830453,acre
42352eb4d6f767b18afdd56d13f9abe653514d7d,598d17ec200eeb9e27ae829746ccf47c57761bc1,2015,620.1626224431976,acre
17ba0791499db908433b80f37c5fbc89b870084b,fe62dee029474d52346542845674529025594056,2015,135.7975057369523,acre
315645c27aa18fb735ae335b0e42692ac62e0558,726cce9d9800d792d1e0fbb83923ac4c6be4f668,2015,205.65152349071082,acre
efefc9519f82ea868be1741749c399d235d34c2c,726cce9d9800d792d1e0fbb83923ac4c6be4f668,2014,332.4594656235562,acre
c81eabfac15c03c8867033b500b510272b22d621,726cce9d9800d792d1e0fbb83923ac4c6be4f668,2015,113.5994027250425,acre
479032f8ad3af44c0e5120cf27fc0dec97bf6e94,fe62dee029474d52346542845674529025594056,2015,109.67251721887357,acre
6a91478980fbdf4d9229ae3a1174e3f90c50c63e,598d17ec200eeb9e27ae829746ccf47c57761bc1,2017,281.2006168048293,acre
606ec6e9bd8a8ff2ad14e5fade3f264471e82251,106e6791d0f181b391cde800e74fdc14d529dc0a,2017,241.5240928313371,acre
fcd0248878ee8a137d57a8dc8f480436804e2189,598d17ec200eeb9e27ae829746ccf47c57761bc1,2016,139.99224443327736,acre
3145985e8b8fee648934025a6d5d96bdf680a101,598d17ec200eeb9e27ae829746ccf47c57761bc1,2016,135.1336411520129,acre
ad7fa9fbe97f824282ac4d3b417fe0c69c175e34,fe62dee029474d52346542845674529025594056,2015,399.61363322060026,acre
88eed2e1356b84e6610ebfaeb70c8574a5715b92,106e6791d0f181b391cde800e74fdc14d529dc0a,2017,315.0257455285181,acre
a09813a9a38ac2b4fabba244175f9c685ab85a2a,462c9ed4acd1c1b5ec3b130f3101b54cd5a66bfb,2016,38.675684703176785,acre
fcd0248878ee8a137d57a8dc8f480436804e2189,598d17ec200eeb9e27ae829746ccf47c57761bc1,2017,45.21876395831703,acre
f00ee652e072f384295e0c613eae882e2b075768,462c9ed4acd1c1b5ec3b130f3101b54cd5a66bfb,2016,179.63190422112046,acre
80814cf4aeb6592ebaac8e8ee16fce0792544976,bb2187d34c27359e4e0c513ba47b0451c42907e9,2017,416.572330585637,acre
17ba0791499db908433b80f37c5fbc89b870084b,fe62dee029474d52346542845674529025594056,2015,97.54141509409979,acre
17ba0791499db908433b80f37c5fbc89b870084b,fe62dee029474d52346542845674529025594056,2017,320.12768269678816,acre
f3997889142dbd3aa390fb7d1ce33373eb768de5,106e6791d0f181b391cde800e74fdc14d529dc0a,2015,48.93730856647687,acre
c0bc76afd8a68866cbacda59ff3ef73f06eaf480,ced5d63baaa0323be6503a0fa952c684ddce8745,2014,316.2836662632042,acre
17ba0791499db908433b80f37c5fbc89b870084b,fe62dee029474d52346542845674529025594056,2015,317.40073125150195,acre
55de88709232ec03a7618ceae9b2248419fdc862,598d17ec200eeb9e27ae829746ccf47c57761bc1,2017,118.46382275388615,acre
c612cc37cbe0bce705c851c59193bfc0b188a959,fe62dee029474d52346542845674529025594056,2017,211.72554745318064,acre
6735286b4dcaf5d2384816f5eb6d7b817a08087b,1d427ae4148dfebbd56f904a0de246fd89712cf0,2017,152.71893217390303,acre
4acf2d77af0d2a23020b0e33416f0f911435b6fb,598d17ec200eeb9e27ae829746ccf47c57761bc1,2016,197.98339500047297,acre
fdfe8207d8854099e09c1d58ddf7014b67f84351,598d17ec200eeb9e27ae829746ccf47c57761bc1,2015,459.18815693872125,acre
17ba0791499db908433b80f37c5fbc89b870084b,fe62dee029474d52346542845674529025594056,2017,61.462671390740354,acre
6a0a29666d8f8a14360dae95a0369dceb6561c6f,598d17ec200eeb9e27ae829746ccf47c57761bc1,2016,10.549866088650958,acre
427a6b025ef66fc4836d29b98b95c960fe08e378,598d17ec200eeb9e27ae829746ccf47c57761bc1,2017,163.48871997882316,acre
b79c64434ae3f15a570da278b79f688253c6d9a8,462c9ed4acd1c1b5ec3b130f3101b54cd5a66bfb,2016,303.32919330858465,acre
4d5b90ee18d570ec6b0dc27f64e44ee714b71d72,fe62dee029474d52346542845674529025594056,2015,47.16667518872168,acre
2ddd1b7314344df9dfe64a2df07c15848174cd24,fe62dee029474d52346542845674529025594056,2017,438.04194845900247,acre
396eaf77e4048a0c54a12f5ccb988b0702d0e10c,598d17ec200eeb9e27ae829746ccf47c57761bc1,2016,355.6831003150087,acre
1c1caf82f398c9e5dbfeaf116413b27070d49268,ced5d63baaa0323be6503a0fa952c684ddce8745,2017,392.49117791970684,acre
7918c722bf8c5bf47d3f06ab61ee7f16c90a2887,106e6791d0f181b391cde800e74fdc14d529dc0a,2014,120.49605344993233,acre
178feffbc01dd61b3c4afed7dbe93da9d5be38d9,726cce9d9800d792d1e0fbb83923ac4c6be4f668,2015,32.820164522280265,acre
a45572f89b287b6bb219ddfc3320f0d842c0668e,0966e34316e39217e4f26fbe20fc14e24c26567b,2015,319.1115152972734,acre
17ba0791499db908433b80f37c5fbc89b870084b,fe62dee029474d52346542845674529025594056,2017,385.95366516886554,acre
0d6715908b7df72d546bcc6ebf5fd54fe8a9b958,dcf70d3a931a836d948e93429eb7dd4a9c9c718e,2015,360.4986428178553,acre
17ba0791499db908433b80f37c5fbc89b870084b,fe62dee029474d52346542845674529025594056,2015,412.953977799634,acre
790456c61a24b82fdf2acd866fe9722919cb6358,726cce9d9800d792d1e0fbb83923ac4c6be4f668,2014,414.94865991951235,acre
8ba906706d40e0a9388e9300c896213b17c07fe1,726cce9d9800d792d1e0fbb83923ac4c6be4f668,2015,302.25732239665444,acre
9713fdcb2ec5f9923f9aa99557a4deb89a994cde,598d17ec200eeb9e27ae829746ccf47c57761bc1,2015,182.94213461005148,acre
fce9edd1be59a3ea7de72a19545c3c98f83a8e13,0966e34316e39217e4f26fbe20fc14e24c26567b,2015,123.84183113616805,acre
67d09b0030068eca4ae858121d513c7a9bd5970c,726cce9d9800d792d1e0fbb83923ac4c6be4f668,2015,148.67919139050863,acre
9dbaffe968f8b893078eefd7751f53bb2f71d6be,598d17ec200eeb9e27ae829746ccf47c57761bc1,2017,257.26299047214013,acre
5d46bf793f8b21b368a8a2b78862bb9c4a8310da,598d17ec200eeb9e27ae829746ccf47c57761bc1,2017,532.214038599812,acre
69c89b5ddcff7650cd0f9d55843dc33a1dd9f613,598d17ec200eeb9e27ae829746ccf47c57761bc1,2015,311.6728408389255,acre
9e9c8e4268a5c8a1e7b33c2c768def1eed7d112a,598d17ec200eeb9e27ae829746ccf47c57761bc1,2015,247.1950103287144,acre
51131ad63306bbb3eeb0de920156180fd68be3c6,598d17ec200eeb9e27ae829746ccf47c57761bc1,2015,547.8728022213331,acre
9713fdcb2ec5f9923f9aa99557a4deb89a994cde,598d17ec200eeb9e27ae829746ccf47c57761bc1,2017,63.49888609212803,acre
bb3288e0ae109cf2ff0680d3eb4320744da0a3b5,0966e34316e39217e4f26fbe20fc14e24c26567b,2015,149.30238901370114,acre
a7a594dba3e25f7f4777042254dfd966214ca5cb,0966e34316e39217e4f26fbe20fc14e24c26567b,2015,145.80537572716094,acre
0cc1b0a8c09d8bb4ba14b926e63e5ad590c159b4,598d17ec200eeb9e27ae829746ccf47c57761bc1,2016,142.16872845447406,acre
b25ddb082807ff10842b24af3397decd61eb446b,598d17ec200eeb9e27ae829746ccf47c57761bc1,2016,298.09906471146724,acre
fb61c1795ca1134a7e2e5a365928075153bc39f7,fe62dee029474d52346542845674529025594056,2014,248.17738269598289,acre
c8bbed71d087906e4220f80842423ddd0c3a24eb,0966e34316e39217e4f26fbe20fc14e24c26567b,2015,181.2943748739297,acre
b578e6be1ede28c8999d8d0da70ab8a80bdbcd53,598d17ec200eeb9e27ae829746ccf47c57761bc1,2017,369.4089389070516,acre
acae71f7ed099a11cb511918d1be78df470139c5,598d17ec200eeb9e27ae829746ccf47c57761bc1,2016,26.41595942073627,acre
1c76c34b420a86f361f5e307f03f7357197681c7,fe62dee029474d52346542845674529025594056,2015,399.9797014974429,acre
6c72c2cb8ac35f84e4cab5d22a9eb3c2e5783e69,106e6791d0f181b391cde800e74fdc14d529dc0a,2014,379.4925315711984,acre
dd0bde9a97b5e53d8987732d67c927bd8ddbae35,2a7365d841e79f504f0c5c55267a87f501e4d1e4,2015,533.3500167540489,acre
8e17580ff2a3fba21f19d533a34aa4b1ae628ee3,106e6791d0f181b391cde800e74fdc14d529dc0a,2014,351.0948665386311,acre
f78ee42b959d70983003027b2155344ae96c3fdb,462c9ed4acd1c1b5ec3b130f3101b54cd5a66bfb,2016,261.5862616633019,acre
82fe9486ee2491f15a25da2f13ee42b54b5660f7,0966e34316e39217e4f26fbe20fc14e24c26567b,2015,176.49563524920202,acre
ed892798892fbc43f7241677dfd67bd1d1441ad8,0966e34316e39217e4f26fbe20fc14e24c26567b,2015,427.8508925083466,acre
5d46bf793f8b21b368a8a2b78862bb9c4a8310da,598d17ec200eeb9e27ae829746ccf47c57761bc1,2015,294.83579655994066,acre
b78223432b759dedd332a6662cc614ef3e15b896,598d17ec200eeb9e27ae829746ccf47c57761bc1,2015,525.4764850982547,acre
0fb5444d94284696e133f8da830f054d6e9c7ea2,ced5d63baaa0323be6503a0fa952c684ddce8745,2014,216.9378649142763,acre
00ed44d041d6b0f8a538b2815fdb34b2dcee329c,598d17ec200eeb9e27ae829746ccf47c57761bc1,2017,548.764229370265,acre
b1317c265f61658811844dd8afa6a782677ff0b5,106e6791d0f181b391cde800e74fdc14d529dc0a,2015,147.31260430931567,acre
aa4f77f51877dcb2894b5c34f62dd65c43edfa02,0966e34316e39217e4f26fbe20fc14e24c26567b,2015,329.07637443721603,acre
17ba0791499db908433b80f37c5fbc89b870084b,fe62dee029474d52346542845674529025594056,2016,485.12308192887747,acre
1a49329d95f4212cad1465abd97fe2b02b2d4e59,0966e34316e39217e4f26fbe20fc14e24c26567b,2015,672.6805891123083,acre
33471815b9e19098d4ce3b6758b8f277ae7a4be9,fe62dee029474d52346542845674529025594056,2016,100.81407208524192,acre
11ae1790351279c8c04f3d2d7f0331872814a0a3,726cce9d9800d792d1e0fbb83923ac4c6be4f668,2015,145.6952278041814,acre
b712ac1d4550a50dba54876abbfa22112c7e67fa,2ec53b20e3a9f6ff73d290ef3e8e8f30a2a30235,2017,179.74002976257705,acre
26721831498d576e84113c08f678a02921c5a63e,fe62dee029474d52346542845674529025594056,2015,448.5803024734374,acre
03074faf1987f5325db3e511880d28a582293c64,fe62dee029474d52346542845674529025594056,2017,190.5172860589794,acre
17ba0791499db908433b80f37c5fbc89b870084b,fe62dee029474d52346542845674529025594056,2016,93.48139848172929,acre
6682442ec01eee124d9a2b40f049d2036596b969,598d17ec200eeb9e27ae829746ccf47c57761bc1,2016,301.23280619903454,acre
fa2e631ada6896a07feec8520cdee0e2c40b8f9c,fe62dee029474d52346542845674529025594056,2016,113.4803376644671,acre
ead54fc4085fba5da57ad64a34e8456d84ce1020,1d427ae4148dfebbd56f904a0de246fd89712cf0,2017,318.97150201293675,acre
ad7fa9fbe97f824282ac4d3b417fe0c69c175e34,fe62dee029474d52346542845674529025594056,2017,753.2382099354852,acre
c064f9a97c867c8596c916ad718d96c5ffa9e44c,598d17ec200eeb9e27ae829746ccf47c57761bc1,2016,52.418389660434,acre
a620ca92bb4f0a8daaabfa8f198008da3313f9b7,0966e34316e39217e4f26fbe20fc14e24c26567b,2015,350.48542255025063,acre
8ae02a0435770133ab5db0512da97432f08e2040,2a7365d841e79f504f0c5c55267a87f501e4d1e4,2015,204.41935707746032,acre
b5ec6e3f6b7c589fb346987575673e2ed978c909,726cce9d9800d792d1e0fbb83923ac4c6be4f668,2015,293.24636685060585,acre
e06184ca39096dc276df72191cb5fb05b83ba1e6,0966e34316e39217e4f26fbe20fc14e24c26567b,2015,342.7212139791567,acre
1be078f7acaac4af4e74389d0607a5ae4d35e741,598d17ec200eeb9e27ae829746ccf47c57761bc1,2015,432.6816450329848,acre
98e85d8a9a8654d60c0052b0726fbd8948f646b5,fe62dee029474d52346542845674529025594056,2015,342.5957307108509,acre
17ba0791499db908433b80f37c5fbc89b870084b,fe62dee029474d52346542845674529025594056,2015,159.22942082368874,acre
12e8e0ba6375b5cf8ab231802411666c0c55a150,726cce9d9800d792d1e0fbb83923ac4c6be4f668,2015,452.66025649658525,acre
a75d5706275a773d0c4a4697783e9a8421a06844,726cce9d9800d792d1e0fbb83923ac4c6be4f668,2014,129.30944547202776,acre
295f94fd307065b54d72fd025e8b476510592c9b,106e6791d0f181b391cde800e74fdc14d529dc0a,2015,258.2663272433916,acre
fdfe8207d8854099e09c1d58ddf7014b67f84351,598d17ec200eeb9e27ae829746ccf47c57761bc1,2016,235.4358029716843,acre
8378fea88475b5a0e1d1de770fb2757613309c33,b3bd5efa1dbecf1a1a564b8bc6303c4a2c162fb1,2016,122.7678120837628,acre
d86416f15046fe3e24bc4efecc70abfdee760f57,598d17ec200eeb9e27ae829746ccf47c57761bc1,2015,254.59678096991695,acre
a52982ad52873e6bea457b1c42d9c9b07b70fbfa,fe62dee029474d52346542845674529025594056,2016,228.11918238940956,acre
76b37aed09ffb990d57ab0386dda883110fcd00a,0966e34316e39217e4f26fbe20fc14e24c26567b,2015,145.48054817599163,acre
c01c35b6bc4083b83ab33ef7c57d22fbff654ed2,0966e34316e39217e4f26fbe20fc14e24c26567b,2015,423.6197234065106,acre
00ed44d041d6b0f8a538b2815fdb34b2dcee329c,598d17ec200eeb9e27ae829746ccf47c57761bc1,2015,298.069183764163,acre
baea4c608ac69f74b3b11c16d3cd43938eba933a,0966e34316e39217e4f26fbe20fc14e24c26567b,2015,483.49326136033557,acre
ed3d9c187d573c0f69e896db96430dcbb17721c6,598d17ec200eeb9e27ae829746ccf47c57761bc1,2015,289.15406145269526,acre
7e48ef5533a7cb151a12d088c615d3d13e0dfa7d,bb2187d34c27359e4e0c513ba47b0451c42907e9,2017,84.06876901510867,acre
641aa6a8dbbd287d0217dcfba9face3f122c4c5b,0966e34316e39217e4f26fbe20fc14e24c26567b,2015,631.9740894753985,acre
0dcbc52dfc51b62c4794c9c53d65a3f751bb9081,726cce9d9800d792d1e0fbb83923ac4c6be4f668,2015,728.4073763411513,acre
99236016a1c4b53b1e32fc6182fbf3e0fdf84f4b,598d17ec200eeb9e27ae829746ccf47c57761bc1,2015,361.40070821268,acre
62028aeefb81fdd399103823356c3f90fd3912ba,726cce9d9800d792d1e0fbb83923ac4c6be4f668,2014,432.4423906921542,acre
1803ba0ed01199014be611b89db142bf988b78c3,598d17ec200eeb9e27ae829746ccf47c57761bc1,2017,441.60058347927804,acre
04aa2c573e5e029dc25c2a5ed84df869f5ef7ec6,106e6791d0f181b391cde800e74fdc14d529dc0a,2016,202.07198968262531,acre
fb5482a525e4f32fdaac450e1f538d103cdbe8be,fe62dee029474d52346542845674529025594056,2017,352.55370742172073,acre
d1fdb5f7aeeac1fe38e570b263b8a876f19ebdae,726cce9d9800d792d1e0fbb83923ac4c6be4f668,2014,679.3473209889257,acre
0cc1b0a8c09d8bb4ba14b926e63e5ad590c159b4,598d17ec200eeb9e27ae829746ccf47c57761bc1,2015,532.6982485725341,acre
fd72b33016dc565f97e287594573282d0ae29f08,598d17ec200eeb9e27ae829746ccf47c57761bc1,2017,633.1756506802321,acre
790456c61a24b82fdf2acd866fe9722919cb6358,726cce9d9800d792d1e0fbb83923ac4c6be4f668,2015,211.7391924159121,acre
b578e6be1ede28c8999d8d0da70ab8a80bdbcd53,598d17ec200eeb9e27ae829746ccf47c57761bc1,2016,245.23468833296573,acre
42045c558e5ea60a894fd5fbf53479add8bca18d,106e6791d0f181b391cde800e74fdc14d529dc0a,2014,397.4660706436013,acre
478c6e58b93552db51e3f44f6727e5ca5d337b76,598d17ec200eeb9e27ae829746ccf47c57761bc1,2016,145.8664157106718,acre
918ad95bfe112ff0d55a7b1ca647e90f0fbb3791,fe62dee029474d52346542845674529025594056,2015,348.4860399591039,acre
dcec1bd06b5b508097ef51bf4e9884f7a3e3fe8f,fe62dee029474d52346542845674529025594056,2017,107.01317563775649,acre
ad937d6d72b7b6737de4e4c8e55fa1212572149b,462c9ed4acd1c1b5ec3b130f3101b54cd5a66bfb,2016,519.5309015710952,acre
8ba906706d40e0a9388e9300c896213b17c07fe1,726cce9d9800d792d1e0fbb83923ac4c6be4f668,2014,284.6159067428785,acre
d1b14c4d69b3e774e1305089e40d0c74873b74b1,0966e34316e39217e4f26fbe20fc14e24c26567b,2015,249.3440662456078,acre
adc04fb840cc319c0a70f4b1e0e5363f2e50d63c,106e6791d0f181b391cde800e74fdc14d529dc0a,2017,274.9938588583294,acre
17ba0791499db908433b80f37c5fbc89b870084b,fe62dee029474d52346542845674529025594056,2015,290.7355742950503,acre
d4570d50d512deca12db0b1369a236a4b9a49bb4,2498aa02bfe5084932147db868715faf88ffcb41,2017,144.83904219668824,acre
99236016a1c4b53b1e32fc6182fbf3e0fdf84f4b,598d17ec200eeb9e27ae829746ccf47c57761bc1,2016,518.8698500395463,acre
e5e9351797b81a62804e8797386dcb8b5f4be891,598d17ec200eeb9e27ae829746ccf47c57761bc1,2016,370.92506154718967,acre
da0d25ff2ac9ee5083562b34bf9f51a06158ce7a,0966e34316e39217e4f26fbe20fc14e24c26567b,2015,323.2253487141022,acre
8ae02a0435770133ab5db0512da97432f08e2040,2a7365d841e79f504f0c5c55267a87f501e4d1e4,2017,78.35932539716765,acre
6c72c2cb8ac35f84e4cab5d22a9eb3c2e5783e69,106e6791d0f181b391cde800e74fdc14d529dc0a,2016,201.3158156625388,acre
3a7239737a3e4fd938314ee0546579a2071e0283,0966e34316e39217e4f26fbe20fc14e24c26567b,2015,186.07088289569913,acre
a11ab706c2f1348764a6a67fd9928c5875c6e543,598d17ec200eeb9e27ae829746ccf47c57761bc1,2017,263.2801511675999,acre
3c7d70dab021c3c7c3c2a4d183abe514e8e32d77,598d17ec200eeb9e27ae829746ccf47c57761bc1,2017,182.2200540175515,acre
933595d2cbf1d9582cabbae117decc207f5e48b8,0966e34316e39217e4f26fbe20fc14e24c26567b,2015,625.1628519779947,acre
09851853e7cd4d6ae686cd549847e9a039d2c91b,fe62dee029474d52346542845674529025594056,2014,267.1812374296383,acre
bce8c62d34da20484c8fdb1f62b9fc7afb3163fa,2498aa02bfe5084932147db868715faf88ffcb41,2017,433.99779402618776,acre
229c3a226370c54b75d706d6f6495d9bd26bc991,726cce9d9800d792d1e0fbb83923ac4c6be4f668,2015,416.96573255062,acre
8829979bca163c948d407fe1b11d91c89a2c77bd,0966e34316e39217e4f26fbe20fc14e24c26567b,2015,187.4731845295922,acre
381800586f35c958f5d10fcd1073613005896a50,fe62dee029474d52346542845674529025594056,2015,588.4855345720783,acre
84dfbd904feb88f18464430b17dafe47fe86ff36,598d17ec200eeb9e27ae829746ccf47c57761bc1,2015,307.1251423090481,acre
19d1704d0f250982cfb4ca34456ba5e9b3030793,106e6791d0f181b391cde800e74fdc14d529dc0a,2015,303.0714006131995,acre
16a2f8c764357b350bf23545abf0aac2c5be2c97,fe62dee029474d52346542845674529025594056,2017,418.54341502866436,acre
cb0575a03b83d7234b74a8dbb1022b42ff17dcc6,598d17ec200eeb9e27ae829746ccf47c57761bc1,2017,467.7942940269612,acre
6a91478980fbdf4d9229ae3a1174e3f90c50c63e,598d17ec200eeb9e27ae829746ccf47c57761bc1,2016,246.0888522465569,acre
0f6fc21fe4ea2504732646df3412362a0c3440e1,726cce9d9800d792d1e0fbb83923ac4c6be4f668,2015,127.55760406893202,acre
66c8219e261db0725119e063856df55a1f0f14b3,598d17ec200eeb9e27ae829746ccf47c57761bc1,2015,436.77558377952715,acre
c81eabfac15c03c8867033b500b510272b22d621,726cce9d9800d792d1e0fbb83923ac4c6be4f668,2014,145.65269689961693,acre
82b82a533543b08859a0a428b7425feb32757d29,598d17ec200eeb9e27ae829746ccf47c57761bc1,2015,144.0744266667346,acre
c81eabfac15c03c8867033b500b510272b22d621,726cce9d9800d792d1e0fbb83923ac4c6be4f668,2015,71.80442883455919,acre
60677ec3b1c3e5f45e6780e633d88a640d486101,106e6791d0f181b391cde800e74fdc14d529dc0a,2015,245.1176870961084,acre
b1e493ac8a1760597dd7bd7c1e12541b43e7e51a,598d17ec200eeb9e27ae829746ccf47c57761bc1,2016,65.37601015129508,acre
3c7d70dab021c3c7c3c2a4d183abe514e8e32d77,598d17ec200eeb9e27ae829746ccf47c57761bc1,2015,187.20315542043764,acre
5d46bf793f8b21b368a8a2b78862bb9c4a8310da,598d17ec200eeb9e27ae829746ccf47c57761bc1,2016,409.0939556201235,acre
075041a114b9768612d10b7ea78b3d8cba71521c,598d17ec200eeb9e27ae829746ccf47c57761bc1,2015,344.58666459216886,acre
17ba0791499db908433b80f37c5fbc89b870084b,fe62dee029474d52346542845674529025594056,2015,108.78055228279624,acre
7918c722bf8c5bf47d3f06ab61ee7f16c90a2887,106e6791d0f181b391cde800e74fdc14d529dc0a,2014,285.3622177990424,acre
a2dcde23ea04f59059d34bd0ce99de6d03e5028a,1d427ae4148dfebbd56f904a0de246fd89712cf0,2017,192.91115916523518,acre
3c7d70dab021c3c7c3c2a4d183abe514e8e32d77,598d17ec200eeb9e27ae829746ccf47c57761bc1,2016,456.01902701150857,acre
ed7e44f184a071a25c905e1ee9f73c6741e0bd01,598d17ec200eeb9e27ae829746ccf47c57761bc1,2016,372.9062091974638,acre
c81eabfac15c03c8867033b500b510272b22d621,726cce9d9800d792d1e0fbb83923ac4c6be4f668,2015,332.4556523727371,acre
62028aeefb81fdd399103823356c3f90fd3912ba,726cce9d9800d792d1e0fbb83923ac4c6be4f668,2015,338.478809244834,acre
cb0575a03b83d7234b74a8dbb1022b42ff17dcc6,598d17ec200eeb9e27ae829746ccf47c57761bc1,2015,366.4685253338951,acre
9e9c8e4268a5c8a1e7b33c2c768def1eed7d112a,598d17ec200eeb9e27ae829746ccf47c57761bc1,2016,307.5372994694101,acre
52188e8908e39d965925b640a8995538de30de0a,598d17ec200eeb9e27ae829746ccf47c57761bc1,2016,556.8772608267323,acre
62ea71539dad5f47c46ab72672bcddecbe47b4e6,0966e34316e39217e4f26fbe20fc14e24c26567b,2015,327.924776468117,acre
cda306e104b49f08dafdcc3f0ae8f34a2a265ba0,fe62dee029474d52346542845674529025594056,2017,7.484157173222286,acre
16a2f8c764357b350bf23545abf0aac2c5be2c97,fe62dee029474d52346542845674529025594056,2017,401.70950348982757,acre
dffb82020c578d8df64400c5840b05da71dc2166,fe62dee029474d52346542845674529025594056,2017,223.27723693455584,acre
b1e493ac8a1760597dd7bd7c1e12541b43e7e51a,598d17ec200eeb9e27ae829746ccf47c57761bc1,2017,37.91076696081518,acre
3e9763bc48ac362d45ed6ea6a8035b7e515424ac,0966e34316e39217e4f26fbe20fc14e24c26567b,2015,342.9638473689604,acre
1a52173707ec6b114ffc8b33be3043eca43f2eb4,fe62dee029474d52346542845674529025594056,2017,587.3695716014358,acre
efc62bd0e34322ab7dcd0a67f1577f2c55752da7,fe62dee029474d52346542845674529025594056,2016,367.3778100251938,acre
8a6c9e8450dca9bcbb0587615af19832d8ef3569,598d17ec200eeb9e27ae829746ccf47c57761bc1,2016,290.6843047438022,acre
e092fbdd0996a08f5a9dc28a0b1ed1f37b18224f,598d17ec200eeb9e27ae829746ccf47c57761bc1,2016,240.76719545287693,acre
cf03501f21bed7e8a83f98419fad7a37c1618ab5,0966e34316e39217e4f26fbe20fc14e24c26567b,2015,346.6582562474514,acre
6c72c2cb8ac35f84e4cab5d22a9eb3c2e5783e69,106e6791d0f181b391cde800e74fdc14d529dc0a,2016,262.2283622764608,acre
3cb8bbd31273bf78fe76e19459713d7a20773ddb,7853306a8cfa951541aef8f4f8374ad845894a4a,2017,35.683195549663196,acre
c064f9a97c867c8596c916ad718d96c5ffa9e44c,598d17ec200eeb9e27ae829746ccf47c57761bc1,2015,193.96562178538414,acre
17ba0791499db908433b80f37c5fbc89b870084b,fe62dee029474d52346542845674529025594056,2016,556.4899160680176,acre
5114f00a12710fde441de7d2e03bb2916cee21a1,598d17ec200eeb9e27ae829746ccf47c57761bc1,2015,236.43328831110702,acre
79023b9325f737b345039aa9c3bf416f066f4136,106e6791d0f181b391cde800e74fdc14d529dc0a,2017,450.9502107270597,acre
ed5925414c882633205cadfd0becc5481570a541,598d17ec200eeb9e27ae829746ccf47c57761bc1,2017,337.1312948009644,acre
82b82a533543b08859a0a428b7425feb32757d29,598d17ec200eeb9e27ae829746ccf47c57761bc1,2016,153.29622313607325,acre
144e921473ad6fb5dd9c07d16434415b44065b76,dcf70d3a931a836d948e93429eb7dd4a9c9c718e,2016,372.4776116150901,acre
9447d037281c3aa661777cdf2a78e244d14012c0,9f82bb949b4be165331106bfed87ea4f1e44fcd8,2017,494.89967977523963,acre
9d2e94f13dd91bd8c932da1be055cd4158e8f16b,0966e34316e39217e4f26fbe20fc14e24c26567b,2015,159.97996182045395,acre
841273e6e5fc30584ce347b7a4769e62bacab800,2498aa02bfe5084932147db868715faf88ffcb41,2017,389.9359860295749,acre
36ad9561acb97f30194e784a297f011542f59433,598d17ec200eeb9e27ae829746ccf47c57761bc1,2017,164.1002091882954,acre
0cc1b0a8c09d8bb4ba14b926e63e5ad590c159b4,598d17ec200eeb9e27ae829746ccf47c57761bc1,2017,393.10317457372014,acre
36ad9561acb97f30194e784a297f011542f59433,598d17ec200eeb9e27ae829746ccf47c57761bc1,2015,449.3884738972169,acre
52188e8908e39d965925b640a8995538de30de0a,598d17ec200eeb9e27ae829746ccf47c57761bc1,2015,253.33866303010882,acre
90c415b0c7b5ee9d3e769e8f5a5fe18537fe9e9b,598d17ec200eeb9e27ae829746ccf47c57761bc1,2017,365.2812102516882,acre
aaeab87381522227199fe3d1a71e0741826abad2,106e6791d0f181b391cde800e74fdc14d529dc0a,2014,333.0904823337288,acre
a12eb00a8434d1f2f0f5819c2c644fa09793a333,726cce9d9800d792d1e0fbb83923ac4c6be4f668,2014,624.9414226592969,acre
f60d9d8c5f2af39bb4bfac7cb1f435989e6d84ce,106e6791d0f181b391cde800e74fdc14d529dc0a,2014,449.9829833694077,acre
f8f190fab49bb29a011885d6b1c7d7b1471fcb13,fe62dee029474d52346542845674529025594056,2016,240.14710082078932,acre
6c72c2cb8ac35f84e4cab5d22a9eb3c2e5783e69,106e6791d0f181b391cde800e74fdc14d529dc0a,2015,620.844744109758,acre
0540bd0e53dbd83c74197f7419c398f4bc110170,564e50b68ab1574426851440c6e42ae5022a5a74,2017,356.0124929838397,acre
e5e9351797b81a62804e8797386dcb8b5f4be891,598d17ec200eeb9e27ae829746ccf47c57761bc1,2015,414.1138450129535,acre
a17cec4433a71722240d5ab3d3287d96b3d23110,598d17ec200eeb9e27ae829746ccf47c57761bc1,2017,534.6534924960831,acre
f06c46fe892d3c5b6857fedb2e2d98404a7acbaf,726cce9d9800d792d1e0fbb83923ac4c6be4f668,2014,229.0437222186861,acre
d671c3cc2a5bf60043a026c876220869b56537ee,0966e34316e39217e4f26fbe20fc14e24c26567b,2015,174.84186731564932,acre
d64f46e52ae55b85c21ab96be025236df9687773,fe62dee029474d52346542845674529025594056,2015,124.46859576777527,acre
07a673326823d0b81a940c4b555622f149451e75,598d17ec200eeb9e27ae829746ccf47c57761bc1,2015,298.6890447576567,acre
2d1acb1174d8088876fb72e0a12a0781cab7d479,fe62dee029474d52346542845674529025594056,2014,356.09986123848864,acre
4121834a9baaea73c915c887530ce4634162c45e,726cce9d9800d792d1e0fbb83923ac4c6be4f668,2014,427.24617363054466,acre
f1ed159a2cabb9ff836d38b5f7192badaa2849a5,726cce9d9800d792d1e0fbb83923ac4c6be4f668,2015,140.07006179200056,acre
30f2912152467138c78c9fc93dd7c190ae7d134d,106e6791d0f181b391cde800e74fdc14d529dc0a,2014,393.9451566103846,acre
2dfb65e56a186dd05bd5028e00e9d2fc515ae9af,b3bd5efa1dbecf1a1a564b8bc6303c4a2c162fb1,2015,406.00949383482384,acre
5515725bb6b49404609a487ad7c78a6756d06c25,fe62dee029474d52346542845674529025594056,2015,348.4175816187705,acre
9a3308fd26e1210e145b334b1c3e170f34e567e3,fe62dee029474d52346542845674529025594056,2017,271.6642653992145,acre
fcd0248878ee8a137d57a8dc8f480436804e2189,598d17ec200eeb9e27ae829746ccf47c57761bc1,2015,353.3237365153082,acre
f0cf77d67eafd85e0f9bdbbf7887c927dd09f75d,598d17ec200eeb9e27ae829746ccf47c57761bc1,2017,520.142731065596,acre
5f0adb62b16572c53c2068b0110b484de2496df5,564e50b68ab1574426851440c6e42ae5022a5a74,2017,54.08408357343913,acre
d7dd22655ab1d0b6bcc57ac1f3d0dd8e4bee8cb7,0966e34316e39217e4f26fbe20fc14e24c26567b,2015,471.27095065382997,acre
c76cbddf578b63db97af9721a831b30f2d73db18,fe62dee029474d52346542845674529025594056,2014,403.0748590237599,acre
ed7e44f184a071a25c905e1ee9f73c6741e0bd01,598d17ec200eeb9e27ae829746ccf47c57761bc1,2017,500.4681709514411,acre
f5bdcea5be6419667141f4a83283645ed68d0890,0966e34316e39217e4f26fbe20fc14e24c26567b,2015,245.9521867215555,acre
a11ab706c2f1348764a6a67fd9928c5875c6e543,598d17ec200eeb9e27ae829746ccf47c57761bc1,2015,254.11869595889982,acre
0f6fc21fe4ea2504732646df3412362a0c3440e1,726cce9d9800d792d1e0fbb83923ac4c6be4f668,2014,349.31324199803225,acre
b578e6be1ede28c8999d8d0da70ab8a80bdbcd53,598d17ec200eeb9e27ae829746ccf47c57761bc1,2015,377.64689565326745,acre
4da7eb451613f4e33463ea474b2d24f51d0540ff,0966e34316e39217e4f26fbe20fc14e24c26567b,2016,142.689931375105,acre
d8af4f1c279187449da52e16a27539c9ce1344d2,2498aa02bfe5084932147db868715faf88ffcb41,2017,427.9633077485044,acre
d2ed090d89a4a499a5bd4e849a343a12fe983c08,1d427ae4148dfebbd56f904a0de246fd89712cf0,2017,540.2995688220055,acre
9493472814cf7f3fd40c532c1976a6051387db0a,485482977cd1d502b0b51d03d22710ae857ba701,2017,580.2262854169323,acre
8901f562983ecebf44e9443be506c9f6269582e5,726cce9d9800d792d1e0fbb83923ac4c6be4f668,2015,355.44692608894303,acre
6a91478980fbdf4d9229ae3a1174e3f90c50c63e,598d17ec200eeb9e27ae829746ccf47c57761bc1,2015,460.9200776187785,acre
b1e493ac8a1760597dd7bd7c1e12541b43e7e51a,598d17ec200eeb9e27ae829746ccf47c57761bc1,2015,194.56731509924924,acre
ed6c2846f20f0ea61ef43a699483ca56fb22655d,598d17ec200eeb9e27ae829746ccf47c57761bc1,2015,149.8165649443012,acre
f6d743e9583b9fda6ca92a7ec90d57a9caf08376,598d17ec200eeb9e27ae829746ccf47c57761bc1,2015,381.0949771643188,acre
a17cec4433a71722240d5ab3d3287d96b3d23110,598d17ec200eeb9e27ae829746ccf47c57761bc1,2016,299.5244916688284,acre
a82b63774a05b3cee8f7afb82350f24e92176bd1,0966e34316e39217e4f26fbe20fc14e24c26567b,2015,322.20361655149384,acre
f0cf77d67eafd85e0f9bdbbf7887c927dd09f75d,598d17ec200eeb9e27ae829746ccf47c57761bc1,2015,568.7019055092276,acre
17ba0791499db908433b80f37c5fbc89b870084b,fe62dee029474d52346542845674529025594056,2016,337.7186506062408,acre
c76cbddf578b63db97af9721a831b30f2d73db18,fe62dee029474d52346542845674529025594056,2017,117.12089677138192,acre
17fb6f731b1813591630f4d67c5f683e27b5cf07,106e6791d0f181b391cde800e74fdc14d529dc0a,2015,362.53344520474457,acre
cb0575a03b83d7234b74a8dbb1022b42ff17dcc6,598d17ec200eeb9e27ae829746ccf47c57761bc1,2016,225.27113636917736,acre
de5bf9fd04e342823175dba3e765c067b1e28edf,0966e34316e39217e4f26fbe20fc14e24c26567b,2016,155.77205444039595,acre
396eaf77e4048a0c54a12f5ccb988b0702d0e10c,598d17ec200eeb9e27ae829746ccf47c57761bc1,2017,227.3449185266796,acre
4121834a9baaea73c915c887530ce4634162c45e,726cce9d9800d792d1e0fbb83923ac4c6be4f668,2015,437.07411866784844,acre
6c72c2cb8ac35f84e4cab5d22a9eb3c2e5783e69,106e6791d0f181b391cde800e74fdc14d529dc0a,2015,308.084482737327,acre
3b8adebd92084b14e88c1c002d1975ae15779e13,726cce9d9800d792d1e0fbb83923ac4c6be4f668,2015,96.51820020611405,acre
efefc9519f82ea868be1741749c399d235d34c2c,726cce9d9800d792d1e0fbb83923ac4c6be4f668,2015,311.14630229464467,acre
ed6c2846f20f0ea61ef43a699483ca56fb22655d,598d17ec200eeb9e27ae829746ccf47c57761bc1,2016,228.47336841243316,acre
ce8405c765887b5dfb9f167609ba8610c9a9cd2b,598d17ec200eeb9e27ae829746ccf47c57761bc1,2015,163.3701043528526,acre
9b0fcd935d456d6978fc129fdea6c77a39558462,fe62dee029474d52346542845674529025594056,2017,189.69403909598975,acre
6c6ce527973c4953e1c6294e3e45093a00b1a41b,598d17ec200eeb9e27ae829746ccf47c57761bc1,2015,306.30480076966455,acre
9dbaffe968f8b893078eefd7751f53bb2f71d6be,598d17ec200eeb9e27ae829746ccf47c57761bc1,2016,225.25766375324895,acre
daeab438051b9d0a654659b7f038f08b44c184af,598d17ec200eeb9e27ae829746ccf47c57761bc1,2015,528.1169816989559,acre
00ed44d041d6b0f8a538b2815fdb34b2dcee329c,598d17ec200eeb9e27ae829746ccf47c57761bc1,2016,367.17650277832,acre
edc2c9424c71ce5c17039db8b06a8c1bb0f72026,106e6791d0f181b391cde800e74fdc14d529dc0a,2015,482.5668875149248,acre
69ae47efa7bdab571b94f716d988985f9159adf2,b3bd5efa1dbecf1a1a564b8bc6303c4a2c162fb1,2015,191.1206735264605,acre
4ff655b60afc6850d2991df66301b3cddacedaa9,fe62dee029474d52346542845674529025594056,2016,390.02639523001363,acre
4acf2d77af0d2a23020b0e33416f0f911435b6fb,598d17ec200eeb9e27ae829746ccf47c57761bc1,2017,365.3286864266504,acre
94e7f1d73f150ff706c27b56dbc195585f90a1a4,fe62dee029474d52346542845674529025594056,2015,172.2861695797746,acre
bc023d81ccde0b0542f954f8087d3ca54478f189,ced5d63baaa0323be6503a0fa952c684ddce8745,2016,371.4911630764269,acre
d8af4f1c279187449da52e16a27539c9ce1344d2,2498aa02bfe5084932147db868715faf88ffcb41,2017,201.57652391366497,acre
075041a114b9768612d10b7ea78b3d8cba71521c,598d17ec200eeb9e27ae829746ccf47c57761bc1,2016,521.3417959209132,acre
4f066ef6d07405fb98f7c15a1d8a080013863a9f,106e6791d0f181b391cde800e74fdc14d529dc0a,2014,12.536361304430443,acre
3b8ad599ef4028a067f4e67b3a649cc226e1a776,726cce9d9800d792d1e0fbb83923ac4c6be4f668,2014,560.8336658780815,acre
9f54f5fd07b24284fab1aa98ad6ac8e16cd07fa8,bb2187d34c27359e4e0c513ba47b0451c42907e9,2017,414.1310414678791,acre
5326c640348588b6c69ff9662ad0dfa6c2b1597f,0966e34316e39217e4f26fbe20fc14e24c26567b,2015,427.9059959675153,acre
d86416f15046fe3e24bc4efecc70abfdee760f57,598d17ec200eeb9e27ae829746ccf47c57761bc1,2017,436.5988333248955,acre
2ddd1b7314344df9dfe64a2df07c15848174cd24,fe62dee029474d52346542845674529025594056,2016,197.24469832865685,acre
76b3404e1408425ecb16852172e5066e8bb82f1f,106e6791d0f181b391cde800e74fdc14d529dc0a,2017,421.64008110138576,acre
04aa2c573e5e029dc25c2a5ed84df869f5ef7ec6,106e6791d0f181b391cde800e74fdc14d529dc0a,2015,262.7623774194166,acre
50ed458ee581b7be7693e0e768d7c612cb4489f4,598d17ec200eeb9e27ae829746ccf47c57761bc1,2017,264.43730451350206,acre
478c6e58b93552db51e3f44f6727e5ca5d337b76,598d17ec200eeb9e27ae829746ccf47c57761bc1,2017,335.6677987866885,acre
b578e6be1ede28c8999d8d0da70ab8a80bdbcd53,598d17ec200eeb9e27ae829746ccf47c57761bc1,2017,362.277624730248,acre
42352eb4d6f767b18afdd56d13f9abe653514d7d,598d17ec200eeb9e27ae829746ccf47c57761bc1,2017,352.00889836630245,acre
6c72c2cb8ac35f84e4cab5d22a9eb3c2e5783e69,106e6791d0f181b391cde800e74fdc14d529dc0a,2017,76.28580866480817,acre
930a31b273111ac76f4f8785152d93e799150f9c,598d17ec200eeb9e27ae829746ccf47c57761bc1,2016,489.98560370500115,acre
bfd5165a98f321707b4828d0261a9886a94077ae,7853306a8cfa951541aef8f4f8374ad845894a4a,2017,200.20581026142185,acre
50ed458ee581b7be7693e0e768d7c612cb4489f4,598d17ec200eeb9e27ae829746ccf47c57761bc1,2015,266.14701715663125,acre
b25ddb082807ff10842b24af3397decd61eb446b,598d17ec200eeb9e27ae829746ccf47c57761bc1,2017,421.4684922117776,acre
bae06f0e4203f21817bfde0a70762b443a3b39da,fe62dee029474d52346542845674529025594056,2016,549.8979492759696,acre
90c415b0c7b5ee9d3e769e8f5a5fe18537fe9e9b,598d17ec200eeb9e27ae829746ccf47c57761bc1,2015,53.302624620588176,acre
ed5925414c882633205cadfd0becc5481570a541,598d17ec200eeb9e27ae829746ccf47c57761bc1,2016,230.68505034810568,acre
69f0ae736d5424971548eeec0f9614036c2fc2eb,fe62dee029474d52346542845674529025594056,2015,359.3173517852264,acre
a60c51fe349de8f5028c0dca9b14bfe66ea9b53c,726cce9d9800d792d1e0fbb83923ac4c6be4f668,2015,351.14095005108123,acre
17ba0791499db908433b80f37c5fbc89b870084b,fe62dee029474d52346542845674529025594056,2016,209.99681514741894,acre
d64f46e52ae55b85c21ab96be025236df9687773,fe62dee029474d52346542845674529025594056,2015,276.04944184662827,acre
9713fdcb2ec5f9923f9aa99557a4deb89a994cde,598d17ec200eeb9e27ae829746ccf47c57761bc1,2016,390.710381131153,acre
6a516d03f00c881822f76311f39a9237588d1f53,2498aa02bfe5084932147db868715faf88ffcb41,2017,56.452874210053835,acre
66ee7d7025154e3aaa2bd3fb6974d33293eaa8de,598d17ec200eeb9e27ae829746ccf47c57761bc1,2015,99.59545695306215,acre
dbc1127227c9b346ac662dc0e5d81e36bc32ea72,fe62dee029474d52346542845674529025594056,2015,271.7283516827538,acre
d680800b4acc327425bf24f52e992aaffa610600,598d17ec200eeb9e27ae829746ccf47c57761bc1,2016,320.56083410657965,acre
85829f5fe8238630a438305b7ffaf1880c478caa,fe62dee029474d52346542845674529025594056,2016,133.42346969564974,acre
930a31b273111ac76f4f8785152d93e799150f9c,598d17ec200eeb9e27ae829746ccf47c57761bc1,2017,21.180889234928145,acre
4acf2d77af0d2a23020b0e33416f0f911435b6fb,598d17ec200eeb9e27ae829746ccf47c57761bc1,2015,347.7066201820167,acre
32feca2bc2fd5dd3f92c0c9a3ccf1b388a991258,598d17ec200eeb9e27ae829746ccf47c57761bc1,2017,258.999995051805,acre
77d920b08a99d1714a610a8dba95ac0c8a24363d,fe62dee029474d52346542845674529025594056,2017,282.05490117946533,acre
17ba0791499db908433b80f37c5fbc89b870084b,fe62dee029474d52346542845674529025594056,2015,202.27129589963653,acre
373b845a8eb362f8dd343300874f1cb424d3d62c,0966e34316e39217e4f26fbe20fc14e24c26567b,2015,545.1077220439745,acre
d1f129caa6ad88c0ca2b6b274dbb225c3aa3e5f8,fe62dee029474d52346542845674529025594056,2014,583.9592878829184,acre
1676133eae5c08cbe6c1454e9fe269b40aeabffa,b3bd5efa1dbecf1a1a564b8bc6303c4a2c162fb1,2017,304.149395184918,acre
a75d5706275a773d0c4a4697783e9a8421a06844,726cce9d9800d792d1e0fbb83923ac4c6be4f668,2015,380.06474469151624,acre
acae71f7ed099a11cb511918d1be78df470139c5,598d17ec200eeb9e27ae829746ccf47c57761bc1,2015,382.12206134481346,acre
b78223432b759dedd332a6662cc614ef3e15b896,598d17ec200eeb9e27ae829746ccf47c57761bc1,2016,452.9780458438215,acre
315645c27aa18fb735ae335b0e42692ac62e0558,726cce9d9800d792d1e0fbb83923ac4c6be4f668,2015,220.2988053145418,acre
6c6ce527973c4953e1c6294e3e45093a00b1a41b,598d17ec200eeb9e27ae829746ccf47c57761bc1,2016,144.28501777393438,acre
3989f9b7ba74184fd9233017582c50be37d97daf,fe62dee029474d52346542845674529025594056,2015,314.83508097303076,acre
1769af5e396f1785e66f980a5bc21a4cd81e25f4,598d17ec200eeb9e27ae829746ccf47c57761bc1,2017,162.64032311251322,acre
82b82a533543b08859a0a428b7425feb32757d29,598d17ec200eeb9e27ae829746ccf47c57761bc1,2017,360.8038203669454,acre
f06c46fe892d3c5b6857fedb2e2d98404a7acbaf,726cce9d9800d792d1e0fbb83923ac4c6be4f668,2015,508.0883018059657,acre
62e2c677118c2b78f17c6ff57f42928173947564,0966e34316e39217e4f26fbe20fc14e24c26567b,2015,66.64994949432764,acre
84dfbd904feb88f18464430b17dafe47fe86ff36,598d17ec200eeb9e27ae829746ccf47c57761bc1,2017,293.9385282983207,acre
9e89b50c3732044c3426115d0ac17965ec85c3f1,2a880f4ff3ae665353219c9a52f4e982cdb433e2,2016,494.925070556047,acre
17ba0791499db908433b80f37c5fbc89b870084b,fe62dee029474d52346542845674529025594056,2017,239.8433468632098,acre
d680800b4acc327425bf24f52e992aaffa610600,598d17ec200eeb9e27ae829746ccf47c57761bc1,2015,533.108652518741,acre
aaeab87381522227199fe3d1a71e0741826abad2,106e6791d0f181b391cde800e74fdc14d529dc0a,2016,29.311580540278783,acre
9932ff9d5b3bd3b9cebc5136125ca0eeeab4fad5,598d17ec200eeb9e27ae829746ccf47c57761bc1,2017,360.6563165092584,acre
6efb4b2b07e734fb9ca207792856d073f41c67b2,fe62dee029474d52346542845674529025594056,2016,323.2252456901617,acre
66ee7d7025154e3aaa2bd3fb6974d33293eaa8de,598d17ec200eeb9e27ae829746ccf47c57761bc1,2016,73.4327809999495,acre
177980ee0fc6f8d942b7c218497a557ddeefeec7,726cce9d9800d792d1e0fbb83923ac4c6be4f668,2015,308.87911421794075,acre
ea2866287de4cc6380ed7f73d8e217917f160f2c,fe62dee029474d52346542845674529025594056,2016,655.8998090452942,acre
bacf71b3c5615b98c6c3e68de733bd3f8cf92f66,726cce9d9800d792d1e0fbb83923ac4c6be4f668,2015,69.11222545211314,acre
17ba0791499db908433b80f37c5fbc89b870084b,fe62dee029474d52346542845674529025594056,2015,287.7083717425321,acre
3cefe3116a46b3452eb5f5038af9487c9f6fa42a,598d17ec200eeb9e27ae829746ccf47c57761bc1,2015,157.81944059804033,acre
4d5b90ee18d570ec6b0dc27f64e44ee714b71d72,fe62dee029474d52346542845674529025594056,2016,9.699645936804075,acre
90d5d79a3c785a8be986cb246c27357c7c64e2eb,462c9ed4acd1c1b5ec3b130f3101b54cd5a66bfb,2016,174.15537882012342,acre
790456c61a24b82fdf2acd866fe9722919cb6358,726cce9d9800d792d1e0fbb83923ac4c6be4f668,2015,206.6971379931647,acre
8a6c9e8450dca9bcbb0587615af19832d8ef3569,598d17ec200eeb9e27ae829746ccf47c57761bc1,2015,403.22101914067184,acre
d8af4f1c279187449da52e16a27539c9ce1344d2,2498aa02bfe5084932147db868715faf88ffcb41,2017,61.65483198960658,acre
fa2e631ada6896a07feec8520cdee0e2c40b8f9c,fe62dee029474d52346542845674529025594056,2015,364.53271166010796,acre
bcb438d1acefc74f5223fe1d70ccb2353cc6c38f,726cce9d9800d792d1e0fbb83923ac4c6be4f668,2015,342.9100866163637,acre
ea6ea24d1488a59ea8c4d258cf8ecb4b7fc497b4,485482977cd1d502b0b51d03d22710ae857ba701,2017,309.4423502308486,acre
6a0a29666d8f8a14360dae95a0369dceb6561c6f,598d17ec200eeb9e27ae829746ccf47c57761bc1,2015,128.94382776093394,acre
a17cec4433a71722240d5ab3d3287d96b3d23110,598d17ec200eeb9e27ae829746ccf47c57761bc1,2015,332.0566479069307,acre
a11ab706c2f1348764a6a67fd9928c5875c6e543,598d17ec200eeb9e27ae829746ccf47c57761bc1,2016,412.75849295861,acre
bcb438d1acefc74f5223fe1d70ccb2353cc6c38f,726cce9d9800d792d1e0fbb83923ac4c6be4f668,2014,435.9467155164167,acre
e9e1a8b54863aee1d2213377fc8d4ae93b4dfa96,462c9ed4acd1c1b5ec3b130f3101b54cd5a66bfb,2016,195.33277506719196,acre
0693c33638945a4ca51cc19c1bbc2adba2bd9dfc,ced5d63baaa0323be6503a0fa952c684ddce8745,2014,221.52333506552384,acre
d8bcc52defbf56e86d79dd3213d2dc422e7591b2,0966e34316e39217e4f26fbe20fc14e24c26567b,2015,314.77065562844444,acre
6c72c2cb8ac35f84e4cab5d22a9eb3c2e5783e69,106e6791d0f181b391cde800e74fdc14d529dc0a,2015,401.1942203037096,acre
d5f83dc39502efc6d373f7d8c17c991c95a97e21,7bdbf21b670c1107e808b2eb2032c11e69696e6b,2017,303.0816829770063,acre
84dfbd904feb88f18464430b17dafe47fe86ff36,598d17ec200eeb9e27ae829746ccf47c57761bc1,2016,525.6117363406795,acre
930a31b273111ac76f4f8785152d93e799150f9c,598d17ec200eeb9e27ae829746ccf47c57761bc1,2015,2.8391428736280204,acre
55ecf1d7f43b08670298ae01a75d32b5bc4457bd,726cce9d9800d792d1e0fbb83923ac4c6be4f668,2014,39.766464121780814,acre
17ba0791499db908433b80f37c5fbc89b870084b,fe62dee029474d52346542845674529025594056,2015,545.2304459013512,acre
a5f1c14abfaa22de1b1d397763eb174677acd98b,ced5d63baaa0323be6503a0fa952c684ddce8745,2016,147.7819854386607,acre
8dd2c1528419d4fcf5c05853c23dbeecc8d5768e,0966e34316e39217e4f26fbe20fc14e24c26567b,2015,362.3606489770342,acre
2c342a569083239fa3d37087a91d7d13fe828b6d,fe62dee029474d52346542845674529025594056,2017,184.22895630060435,acre
d1170f65e62dbdbb6abfdb0b72c3039126c88169,0966e34316e39217e4f26fbe20fc14e24c26567b,2015,114.65618696481354,acre
b712ac1d4550a50dba54876abbfa22112c7e67fa,2ec53b20e3a9f6ff73d290ef3e8e8f30a2a30235,2017,560.4655361138059,acre
7981b99bc96ab8c08b57ada47d6cb88bfef1e945,fe62dee029474d52346542845674529025594056,2016,562.5906708954569,acre
e43e639b2f5771063d245e90900301ac1b8b9167,fe62dee029474d52346542845674529025594056,2017,257.3151193399098,acre
