grower,organization_id,new_org_id
Cavanaugh Farm,bf08b038-921c-482f-85b7-17c52aa98095,fe62dee029474d52346542845674529025594056
Depner Farm,c0d679bb-50c3-40b2-8a6b-313b6010aae6,106e6791d0f181b391cde800e74fdc14d529dc0a
Austin Farm,c9a331d4-68fb-4946-9e4e-fdca1eb268b3,0966e34316e39217e4f26fbe20fc14e24c26567b
Batte Farm,8bbd1e4f-8783-433d-ac74-27e81d67fb43,513612757cd6094d98b6a82a01d6f115fe9ae88c
Sifuentes Farm,35cedd2e-a117-4713-983f-3574fffce422,2ec53b20e3a9f6ff73d290ef3e8e8f30a2a30235
Seever Farm,47a5e9a8-4139-4479-9737-195734d1990a,485482977cd1d502b0b51d03d22710ae857ba701
Barrocas Farm,b7f607d9-7c2a-46ae-91ac-cd1f873fccca,564e50b68ab1574426851440c6e42ae5022a5a74
Flanagan Farm,faefa6f6-47fb-417b-9173-dff9a9776fcc,dcf70d3a931a836d948e93429eb7dd4a9c9c718e
Odell Farm,7613310b-e3ec-4e2c-a78e-ec8b50f1cf98,ced5d63baaa0323be6503a0fa952c684ddce8745
Carpentieri Farm,3432ab2b-c277-462c-a7ff-ef981941a7b1,2a880f4ff3ae665353219c9a52f4e982cdb433e2
Dudley Farm,4d3d318e-b96f-416f-a3b9-d070ce7cbf01,726cce9d9800d792d1e0fbb83923ac4c6be4f668
Jenkins Farm,29523753-d60e-480c-b79c-d6176560e08a,462c9ed4acd1c1b5ec3b130f3101b54cd5a66bfb
Simmons Farm,1a40b159-81f6-4019-a6db-6af405a748d7,598d17ec200eeb9e27ae829746ccf47c57761bc1
Gregory Farm,4cfcbf86-95ef-4f7a-8a67-25966c285d7f,2a7365d841e79f504f0c5c55267a87f501e4d1e4
Hawker Farm,2f3b0fd6-2ec3-4a2c-929d-da5c4e9d70aa,b3bd5efa1dbecf1a1a564b8bc6303c4a2c162fb1
Mull Farm,ef13ad8f-6b86-418c-a0af-a71c44f802b3,7853306a8cfa951541aef8f4f8374ad845894a4a
Overholt Farm,987bca04-b6cf-4e18-a636-1548915e8a41,bb2187d34c27359e4e0c513ba47b0451c42907e9
Konecny Farm,7f6eaca7-d145-4715-af8d-a83442ab2792,2498aa02bfe5084932147db868715faf88ffcb41
Stinson Farm,69b96c6c-8612-413b-8d51-c680cb2e9301,9f82bb949b4be165331106bfed87ea4f1e44fcd8
Crawford Farm,f35bd696-0dc9-469b-86dc-bafde40c2364,7bdbf21b670c1107e808b2eb2032c11e69696e6b
Ross Farm,18017fd8-aeb5-4feb-b850-ce8eed1303ee,1d427ae4148dfebbd56f904a0de246fd89712cf0
